Order_ID,Order_Date,Product,Region,Customer_ID,Units_Sold,Unit_Price,Revenue,Cost,Profit
1,2022-01-01,Headphones,Central,1303,1,28982,28982,14766.99934241199,14215.00065758801
2,2022-01-02,Smartwatch,West,1068,3,9671,29013,18191.16676119502,10821.83323880498
3,2022-01-03,Tablet,East,1360,5,35719,178595,93828.38611038285,84766.61388961715
4,2022-01-04,Smartwatch,North,1601,3,33896,101688,69356.7159644897,32331.2840355103
5,2022-01-05,Smartwatch,East,1957,3,43089,129267,98797.72125600648,30469.27874399352
6,2022-01-06,Mobile,East,1219,3,41046,123138,94185.10940294473,28952.89059705527
7,2022-01-07,Tablet,Central,1961,5,4196,20980,14638.03181137227,6341.968188627729
8,2022-01-08,Tablet,West,1703,5,20558,102790,57908.75598713077,44881.24401286923
9,2022-01-09,Tablet,South,1965,4,20813,83252,63179.86366128665,20072.13633871335
10,2022-01-10,Smartwatch,West,1574,1,19649,19649,15047.75497314077,4601.245026859233
11,2022-01-11,Headphones,West,1584,5,46240,231200,129239.8926523372,101960.1073476628
12,2022-01-12,Tablet,East,1160,5,41575,207875,149925.2342738739,57949.76572612612
13,2022-01-13,Camera,West,1680,4,5456,21824,12787.90079073566,9036.099209264341
14,2022-01-14,Smartwatch,North,1088,6,10695,64170,47536.62865310625,16633.37134689375
15,2022-01-15,Mobile,East,1687,4,17576,70304,56184.94399444687,14119.05600555313
16,2022-01-16,Headphones,North,1780,7,1605,11235,5718.702650962719,5516.297349037281
17,2022-01-17,Camera,South,1584,7,15917,111419,85704.58222016795,25714.41777983205
18,2022-01-18,Camera,East,1756,2,25229,50458,34654.00743929633,15803.99256070367
19,2022-01-19,Mobile,South,1588,3,47456,142368,112757.5610175772,29610.43898242281
20,2022-01-20,Headphones,East,1158,1,30599,30599,19568.14786803735,11030.85213196265
21,2022-01-21,Smartwatch,Central,1488,8,33098,264784,199704.4297425232,65079.57025747679
22,2022-01-22,Laptop,West,1970,9,30461,274149,142206.0814536447,131942.9185463553
23,2022-01-23,Headphones,Central,1323,4,13102,52408,31475.391336951,20932.608663049
24,2022-01-24,Mobile,South,1609,6,9756,58536,30444.86401614145,28091.13598385855
25,2022-01-25,Camera,West,1380,9,21084,189756,150401.1634909364,39354.83650906364
26,2022-01-26,Smartwatch,East,1101,6,47480,284880,212261.8580110803,72618.14198891973
27,2022-01-27,Headphones,West,1493,9,35181,316629,239296.8712325071,77332.12876749289
28,2022-01-28,Laptop,North,1643,4,26292,105168,82177.17823783193,22990.82176216807
29,2022-01-29,Laptop,West,1613,8,22404,179232,94191.9804072664,85040.0195927336
30,2022-01-30,Tablet,North,1018,9,43861,394749,243038.7792141137,151710.2207858863
31,2022-01-31,Tablet,West,1453,4,35040,140160,73066.87501452221,67093.12498547779
32,2022-02-01,Mobile,North,1481,5,27036,135180,76138.50344025985,59041.49655974015
33,2022-02-02,Headphones,South,1593,8,19664,157312,89480.5967352051,67831.4032647949
34,2022-02-03,Headphones,Central,1396,6,13496,80976,51883.92765653662,29092.07234346338
35,2022-02-04,Camera,East,1278,7,3371,23597,13699.67843962108,9897.321560378918
36,2022-02-05,Camera,West,1850,3,46502,139506,73979.11553091557,65526.88446908443
37,2022-02-06,Camera,Central,1364,7,23126,161882,89075.1377454197,72806.8622545803
38,2022-02-07,Tablet,East,1330,8,11021,88168,47979.49756617823,40188.50243382177
39,2022-02-08,Headphones,East,1640,6,43910,263460,208640.0439533922,54819.95604660775
40,2022-02-09,Headphones,North,1343,9,1632,14688,10689.74650248556,3998.253497514437
41,2022-02-10,Laptop,South,1821,6,33967,203802,161070.5166434602,42731.4833565398
42,2022-02-11,Tablet,South,1454,9,15034,135306,85502.85788023174,49803.14211976826
43,2022-02-12,Smartwatch,Central,1600,4,24354,97416,56843.26320289481,40572.73679710519
44,2022-02-13,Tablet,South,1724,8,43498,347984,257329.9779812925,90654.0220187075
45,2022-02-14,Smartwatch,West,1654,4,39565,158260,94619.88352075758,63640.11647924242
46,2022-02-15,Laptop,South,1064,2,46107,92214,54389.2015268595,37824.7984731405
47,2022-02-16,Mobile,Central,1075,9,8312,74808,42621.99247952503,32186.00752047497
48,2022-02-17,Headphones,South,1710,5,5057,25285,13626.17988931994,11658.82011068006
49,2022-02-18,Laptop,West,1142,4,2679,10716,6182.477448556699,4533.522551443301
50,2022-02-19,Headphones,North,1916,2,44298,88596,53741.97253073777,34854.02746926223
51,2022-02-20,Camera,Central,1914,1,9565,9565,6716.526380274174,2848.473619725826
52,2022-02-21,Mobile,North,1827,7,8775,61425,31865.41362999895,29559.58637000105
53,2022-02-22,Mobile,North,1604,6,48357,290142,163394.0713465146,126747.9286534854
54,2022-02-23,Laptop,North,1472,2,36448,72896,54140.37618481062,18755.62381518938
55,2022-02-24,Mobile,East,1416,8,21200,169600,92275.38747194226,77324.61252805774
56,2022-02-25,Smartwatch,East,1304,4,39964,159856,96360.16476275126,63495.83523724874
57,2022-02-26,Mobile,North,1735,8,42851,342808,260327.5987053036,82480.4012946964
58,2022-02-27,Headphones,Central,1496,7,28294,198058,108234.2591823344,89823.7408176656
59,2022-02-28,Headphones,West,1290,5,29283,146415,76841.67413611118,69573.32586388882
60,2022-03-01,Headphones,West,1939,8,17498,139984,90340.27001098407,49643.72998901593
61,2022-03-02,Headphones,South,1101,9,14369,129321,76393.25808541548,52927.74191458452
62,2022-03-03,Smartwatch,Central,1985,5,45025,225125,150613.6924163283,74511.3075836717
63,2022-03-04,Tablet,East,1266,5,28652,143260,106175.9265831988,37084.0734168012
64,2022-03-05,Camera,North,1866,2,21454,42908,23219.43019889737,19688.56980110263
65,2022-03-06,Laptop,South,1967,5,32055,160275,108058.9637330814,52216.03626691859
66,2022-03-07,Headphones,West,1621,3,17154,51462,33535.34754815495,17926.65245184505
67,2022-03-08,Mobile,East,1973,7,45526,318682,173115.5947052775,145566.4052947225
68,2022-03-09,Headphones,East,1841,5,35736,178680,122788.8148182956,55891.18518170441
69,2022-03-10,Mobile,North,1961,8,47476,379808,221083.2459480592,158724.7540519408
70,2022-03-11,Camera,West,1941,1,15542,15542,10045.57629364331,5496.423706356687
71,2022-03-12,Camera,Central,1776,3,26466,79398,41658.67740088505,37739.32259911495
72,2022-03-13,Camera,East,1002,3,48907,146721,93589.689737532,53131.310262468
73,2022-03-14,Mobile,North,1084,9,44814,403326,238744.4054135515,164581.5945864485
74,2022-03-15,Headphones,Central,1793,5,45595,227975,170232.2069859944,57742.79301400564
75,2022-03-16,Camera,West,1327,9,14770,132930,68737.25465392806,64192.74534607194
76,2022-03-17,Smartwatch,East,1815,9,31408,282672,176834.5666847143,105837.4333152857
77,2022-03-18,Mobile,Central,1449,1,16023,16023,10215.13401265741,5807.865987342591
78,2022-03-19,Mobile,Central,1453,2,47568,95136,68260.25342243789,26875.74657756211
79,2022-03-20,Headphones,Central,1923,5,20491,102455,68879.09005176027,33575.90994823973
80,2022-03-21,Mobile,East,1628,4,11275,45100,31577.38292223727,13522.61707776273
81,2022-03-22,Mobile,East,1220,9,12765,114885,84223.89215463061,30661.10784536939
82,2022-03-23,Camera,South,1153,7,19959,139713,105994.789217612,33718.21078238804
83,2022-03-24,Headphones,West,1664,6,17173,103038,61221.33102938698,41816.66897061302
84,2022-03-25,Camera,North,1011,7,27556,192892,127580.0827049162,65311.9172950838
85,2022-03-26,Camera,Central,1132,1,7114,7114,5349.95866100494,1764.04133899506
86,2022-03-27,Headphones,South,1993,1,36520,36520,29100.42659085316,7419.57340914684
87,2022-03-28,Laptop,North,1303,8,7915,63320,48557.30883258733,14762.69116741267
88,2022-03-29,Camera,South,1292,2,23655,47310,28927.23485842778,18382.76514157222
89,2022-03-30,Smartwatch,East,1974,9,49930,449370,250995.5933527635,198374.4066472365
90,2022-03-31,Smartwatch,Central,1299,7,44384,310688,200958.5165985335,109729.4834014665
91,2022-04-01,Mobile,North,1739,6,17464,104784,75705.64736675636,29078.35263324364
92,2022-04-02,Smartwatch,North,1782,1,38226,38226,24761.68358958467,13464.31641041533
93,2022-04-03,Mobile,North,1042,1,37544,37544,24214.16269967451,13329.83730032549
94,2022-04-04,Laptop,North,1943,2,38044,76088,57177.78288378161,18910.21711621839
95,2022-04-05,Headphones,North,1342,6,32752,196512,119562.0538296153,76949.94617038472
96,2022-04-06,Headphones,South,1325,6,4332,25992,19700.33495631129,6291.665043688714
97,2022-04-07,Headphones,Central,1813,2,25775,51550,32066.23624671841,19483.76375328159
98,2022-04-08,Smartwatch,East,1497,1,15401,15401,9217.035418165631,6183.964581834369
99,2022-04-09,Laptop,East,1363,5,38713,193565,123145.4671484109,70419.53285158907
100,2022-04-10,Smartwatch,East,1890,5,34648,173240,126245.8933362503,46994.10666374973
101,2022-04-11,Smartwatch,East,1426,2,43133,86266,46393.9072807146,39872.0927192854
102,2022-04-12,Laptop,South,1020,6,23418,140508,78533.54135512363,61974.45864487637
103,2022-04-13,Laptop,West,1406,9,47194,424746,333609.7151763287,91136.28482367127
104,2022-04-14,Laptop,Central,1618,2,20040,40080,22150.11132763344,17929.88867236656
105,2022-04-15,Laptop,North,1335,2,12080,24160,16194.88760036428,7965.112399635716
106,2022-04-16,Headphones,West,1814,3,38902,116706,78635.84224387445,38070.15775612555
107,2022-04-17,Tablet,East,1116,7,39078,273546,176953.4439287989,96592.5560712011
108,2022-04-18,Tablet,West,1123,6,25417,152502,105748.4819695386,46753.5180304614
109,2022-04-19,Laptop,Central,1398,8,22818,182544,103858.0469502001,78685.95304979986
110,2022-04-20,Tablet,North,1792,8,10679,85432,56880.51285821095,28551.48714178905
111,2022-04-21,Tablet,North,1803,6,12751,76506,46795.04611977573,29710.95388022427
112,2022-04-22,Laptop,Central,1714,3,46399,139197,97229.12926158127,41967.87073841873
113,2022-04-23,Tablet,Central,1050,3,19993,59979,32530.63407239344,27448.36592760656
114,2022-04-24,Smartwatch,East,1782,1,20966,20966,14073.70477643694,6892.295223563062
115,2022-04-25,Mobile,North,1323,7,30706,214942,119417.7142180407,95524.28578195928
116,2022-04-26,Mobile,West,1788,5,45975,229875,134153.4222400707,95721.57775992929
117,2022-04-27,Laptop,South,1140,4,20124,80496,45529.57922605415,34966.42077394585
118,2022-04-28,Headphones,South,1469,4,27064,108256,60065.9860092436,48190.0139907564
119,2022-04-29,Laptop,Central,1786,4,22912,91648,68526.4271865896,23121.5728134104
120,2022-04-30,Headphones,East,1801,6,28490,170940,100121.6554847858,70818.34451521422
121,2022-05-01,Mobile,South,1333,8,36017,288136,224209.3214033885,63926.67859661148
122,2022-05-02,Laptop,North,1892,8,13656,109248,86412.75991227344,22835.24008772656
123,2022-05-03,Camera,Central,1963,5,23564,117820,79101.77257039664,38718.22742960336
124,2022-05-04,Smartwatch,West,1372,6,26211,157266,85379.76436714444,71886.23563285556
125,2022-05-05,Tablet,Central,1563,4,30606,122424,74968.10824425056,47455.89175574944
126,2022-05-06,Headphones,West,1493,9,17089,153801,113708.1059505656,40092.89404943438
127,2022-05-07,Camera,Central,1538,8,24236,193888,118313.7960816853,75574.20391831471
128,2022-05-08,Tablet,Central,1668,1,21475,21475,11298.10842891572,10176.89157108428
129,2022-05-09,Tablet,Central,1750,2,36718,73436,48984.41701567673,24451.58298432327
130,2022-05-10,Laptop,West,1155,9,7714,69426,52315.00807078912,17110.99192921088
131,2022-05-11,Tablet,West,1290,8,31081,248648,183695.6512931373,64952.34870686271
132,2022-05-12,Smartwatch,Central,1647,3,20695,62085,34304.2560464979,27780.7439535021
133,2022-05-13,Camera,South,1143,8,45082,360656,253118.9784326628,107537.0215673372
134,2022-05-14,Tablet,East,1105,1,27627,27627,15641.06138578099,11985.93861421901
135,2022-05-15,Laptop,East,1419,4,5641,22564,12759.09044289057,9804.909557109435
136,2022-05-16,Smartwatch,East,1669,3,29384,88152,67191.3524881196,20960.64751188039
137,2022-05-17,Mobile,West,1657,6,25385,152310,87563.12345755934,64746.87654244066
138,2022-05-18,Camera,West,1001,7,3208,22456,13001.44472402254,9454.555275977462
139,2022-05-19,Tablet,South,1944,4,18875,75500,37764.79930074344,37735.20069925656
140,2022-05-20,Laptop,East,1588,7,15588,109116,83059.176698292,26056.82330170801
141,2022-05-21,Mobile,East,1643,9,45102,405918,299477.5504164677,106440.4495835323
142,2022-05-22,Mobile,Central,1089,2,45546,91092,62689.39420658402,28402.60579341598
143,2022-05-23,Headphones,West,1344,3,10514,31542,22870.46481784769,8671.53518215231
144,2022-05-24,Smartwatch,East,1349,5,3773,18865,10293.01886733891,8571.981132661089
145,2022-05-25,Tablet,South,1458,3,47635,142905,91101.51998536124,51803.48001463876
146,2022-05-26,Laptop,South,1262,8,37806,302448,183091.6803794592,119356.3196205408
147,2022-05-27,Headphones,East,1350,8,31381,251048,132586.7228091314,118461.2771908686
148,2022-05-28,Smartwatch,West,1107,8,31986,255888,165262.4872802029,90625.51271979706
149,2022-05-29,Headphones,South,1585,9,13041,117369,91104.38760631943,26264.61239368057
150,2022-05-30,Camera,Central,1038,4,9212,36848,18866.829525634,17981.170474366
151,2022-05-31,Smartwatch,South,1908,5,9668,48340,28396.766167487,19943.233832513
152,2022-06-01,Smartwatch,North,1158,5,4051,20255,11388.62249885396,8866.377501146042
153,2022-06-02,Tablet,North,1582,8,12797,102376,58502.15054470379,43873.84945529621
154,2022-06-03,Smartwatch,West,1958,7,44233,309631,239199.3496198888,70431.65038011115
155,2022-06-04,Headphones,East,1311,9,27628,248652,159241.8919420394,89410.10805796058
156,2022-06-05,Smartwatch,West,1240,8,3332,26656,17056.90314539714,9599.096854602856
157,2022-06-06,Tablet,West,1937,2,28983,57966,42209.25830716887,15756.74169283113
158,2022-06-07,Tablet,West,1444,4,22563,90252,49308.96911875577,40943.03088124423
159,2022-06-08,Camera,West,1297,6,23463,140778,90967.87260584909,49810.12739415091
160,2022-06-09,Headphones,Central,1951,2,13922,27844,17513.75249059604,10330.24750940396
161,2022-06-10,Mobile,Central,1035,7,33420,233940,158862.3860839454,75077.61391605457
162,2022-06-11,Mobile,South,1083,3,11656,34968,27969.7601301784,6998.239869821598
163,2022-06-12,Smartwatch,North,1451,3,11608,34824,25450.58648625396,9373.413513746036
164,2022-06-13,Camera,West,1885,2,32345,64690,40066.37969845921,24623.62030154079
165,2022-06-14,Laptop,South,1774,8,3300,26400,19754.22017401045,6645.779825989546
166,2022-06-15,Smartwatch,North,1821,6,38578,231468,127588.057031764,103879.942968236
167,2022-06-16,Camera,East,1384,1,43212,43212,22000.91904383484,21211.08095616516
168,2022-06-17,Headphones,Central,1171,1,3110,3110,1745.750331509167,1364.249668490833
169,2022-06-18,Headphones,North,1375,7,12567,87969,52968.19925394459,35000.80074605541
170,2022-06-19,Headphones,East,1684,8,34372,274976,179607.23630896,95368.76369104002
171,2022-06-20,Headphones,North,1361,5,11228,56140,38430.00498499489,17709.99501500511
172,2022-06-21,Headphones,Central,1558,5,30066,150330,116232.4072406532,34097.59275934679
173,2022-06-22,Camera,Central,1890,4,30283,121132,79093.89076545982,42038.10923454018
174,2022-06-23,Camera,South,1140,6,21083,126498,82272.10994815966,44225.89005184034
175,2022-06-24,Tablet,West,1886,6,20738,124428,64089.49116787621,60338.50883212379
176,2022-06-25,Mobile,North,1917,3,7763,23289,11888.41654494324,11400.58345505676
177,2022-06-26,Headphones,North,1117,9,2414,21726,14455.35039977853,7270.64960022147
178,2022-06-27,Laptop,East,1276,7,24249,169743,107184.8257045841,62558.17429541588
179,2022-06-28,Camera,Central,1725,1,19956,19956,15002.00518866805,4953.994811331946
180,2022-06-29,Laptop,North,1219,7,26082,182574,100087.7743497541,82486.22565024588
181,2022-06-30,Laptop,Central,1904,5,906,4530,2298.93648881707,2231.06351118293
182,2022-07-01,Laptop,North,1025,5,14189,70945,45029.61661724083,25915.38338275917
183,2022-07-02,Tablet,South,1520,2,33434,66868,38197.91483987299,28670.08516012701
184,2022-07-03,Camera,West,1782,4,33776,135104,69562.93008867108,65541.06991132892
185,2022-07-04,Laptop,North,1009,6,36932,221592,158965.5550737419,62626.44492625806
186,2022-07-05,Headphones,Central,1983,7,20373,142611,76079.8167950709,66531.1832049291
187,2022-07-06,Smartwatch,South,1377,5,13550,67750,46239.09383765796,21510.90616234204
188,2022-07-07,Laptop,North,1632,9,1180,10620,6205.424504031709,4414.575495968291
189,2022-07-08,Tablet,East,1636,3,19408,58224,32142.49021076124,26081.50978923876
190,2022-07-09,Camera,West,1681,1,19004,19004,11667.03938246761,7336.960617532388
191,2022-07-10,Tablet,North,1583,4,22144,88576,65584.65832241731,22991.34167758269
192,2022-07-11,Laptop,South,1151,9,37625,338625,209144.3062437933,129480.6937562067
193,2022-07-12,Camera,East,1719,4,1863,7452,5404.420627776237,2047.579372223763
194,2022-07-13,Smartwatch,South,1048,2,42791,85582,46012.81047579947,39569.18952420053
195,2022-07-14,Laptop,South,1153,5,35560,177800,130119.6275249353,47680.37247506468
196,2022-07-15,Tablet,East,1858,3,2038,6114,3491.583104543775,2622.416895456225
197,2022-07-16,Mobile,South,1292,9,36676,330084,232120.9901658716,97963.0098341284
198,2022-07-17,Headphones,East,1579,4,42020,168080,112568.9691213024,55511.03087869759
199,2022-07-18,Tablet,North,1049,6,26175,157050,122301.6533514286,34748.34664857136
200,2022-07-19,Camera,East,1663,2,18787,37574,23152.97688712133,14421.02311287867
201,2022-07-20,Laptop,East,1530,6,674,4044,2102.271607093943,1941.728392906057
202,2022-07-21,Headphones,West,1611,3,27232,81696,41317.47796427854,40378.52203572146
203,2022-07-22,Laptop,East,1059,9,35498,319482,238990.9280330092,80491.07196699083
204,2022-07-23,Camera,East,1166,2,37555,75110,49378.86812342505,25731.13187657495
205,2022-07-24,Laptop,North,1201,9,12612,113508,83152.92055070442,30355.07944929558
206,2022-07-25,Mobile,West,1856,5,40374,201870,115132.0487622973,86737.95123770265
207,2022-07-26,Headphones,Central,1145,8,10189,81512,49194.53987928241,32317.46012071759
208,2022-07-27,Headphones,North,1914,2,45314,90628,46132.47611923022,44495.52388076978
209,2022-07-28,Camera,North,1675,6,20055,120330,94873.91142480087,25456.08857519913
210,2022-07-29,Mobile,Central,1969,3,34419,103257,72317.11093266177,30939.88906733823
211,2022-07-30,Tablet,East,1992,5,8119,40595,31662.53816127671,8932.461838723288
212,2022-07-31,Laptop,South,1438,8,6533,52264,30294.77127136191,21969.22872863809
213,2022-08-01,Smartwatch,West,1241,1,41828,41828,28586.88997910409,13241.11002089591
214,2022-08-02,Laptop,South,1580,5,5446,27230,19157.66624098256,8072.333759017441
215,2022-08-03,Laptop,Central,1686,3,25118,75354,44855.5920339631,30498.4079660369
216,2022-08-04,Tablet,North,1560,4,35175,140700,106148.6908100097,34551.30918999025
217,2022-08-05,Laptop,North,1482,2,36758,73516,57647.45663197239,15868.54336802761
218,2022-08-06,Mobile,West,1107,9,19419,174771,133779.6041324545,40991.39586754548
219,2022-08-07,Mobile,North,1225,3,4673,14019,10117.79398070822,3901.20601929178
220,2022-08-08,Headphones,North,1672,2,44333,88666,51713.50498774783,36952.49501225217
221,2022-08-09,Camera,West,1630,9,26900,242100,141503.773138132,100596.226861868
222,2022-08-10,Smartwatch,West,1660,7,5269,36883,29100.98560970337,7782.014390296634
223,2022-08-11,Laptop,Central,1976,6,38064,228384,114896.6442959331,113487.3557040669
224,2022-08-12,Laptop,North,1661,1,46314,46314,33105.94153822101,13208.05846177899
225,2022-08-13,Tablet,North,1431,5,14711,73555,52361.8809460257,21193.1190539743
226,2022-08-14,Camera,Central,1804,3,23755,71265,48945.2910407362,22319.7089592638
227,2022-08-15,Mobile,East,1654,1,28462,28462,22685.14339319731,5776.856606802688
228,2022-08-16,Smartwatch,East,1418,4,19856,79424,47143.21369182943,32280.78630817057
229,2022-08-17,Headphones,East,1987,2,20806,41612,25050.07275884939,16561.92724115061
230,2022-08-18,Mobile,Central,1454,2,5497,10994,5757.357938798329,5236.642061201671
231,2022-08-19,Camera,North,1159,3,17876,53628,33937.91353997026,19690.08646002974
232,2022-08-20,Headphones,Central,1522,8,41380,331040,191445.2512374353,139594.7487625647
233,2022-08-21,Tablet,Central,1649,8,38555,308440,185994.2583259018,122445.7416740982
234,2022-08-22,Tablet,East,1968,7,11078,77546,58188.31121414887,19357.68878585113
235,2022-08-23,Laptop,South,1589,6,19124,114744,89574.3705060597,25169.6294939403
236,2022-08-24,Camera,North,1076,9,39694,357246,198528.7191124694,158717.2808875306
237,2022-08-25,Smartwatch,East,1508,4,44867,179468,109790.0298784112,69677.97012158878
238,2022-08-26,Headphones,South,1440,1,889,889,692.1657709161756,196.8342290838244
239,2022-08-27,Mobile,South,1253,8,34267,274136,142151.1772538502,131984.8227461498
240,2022-08-28,Camera,West,1920,7,46080,322560,170217.5435842819,152342.4564157181
241,2022-08-29,Camera,North,1769,7,48867,342069,187740.2252660357,154328.7747339643
242,2022-08-30,Tablet,South,1319,3,2355,7065,4794.053601931911,2270.946398068089
243,2022-08-31,Laptop,East,1802,4,41393,165572,90260.19845650152,75311.80154349848
244,2022-09-01,Laptop,West,1262,9,14294,128646,101684.7462504333,26961.25374956666
245,2022-09-02,Headphones,North,1596,6,36031,216186,137065.0280369731,79120.97196302685
246,2022-09-03,Tablet,Central,1657,5,5486,27430,17841.99129572152,9588.008704278483
247,2022-09-04,Camera,East,1834,3,32798,98394,56477.91835306715,41916.08164693285
248,2022-09-05,Smartwatch,South,1553,9,1981,17829,11433.52510219766,6395.474897802342
249,2022-09-06,Tablet,South,1373,5,4231,21155,14778.33486953079,6376.665130469206
250,2022-09-07,Headphones,East,1636,5,17335,86675,62869.9835036475,23805.0164963525
251,2022-09-08,Headphones,South,1166,4,28298,113192,82195.55080543015,30996.44919456985
252,2022-09-09,Tablet,West,1936,4,26613,106452,71681.29941855333,34770.70058144667
253,2022-09-10,Headphones,North,1752,1,19977,19977,15408.41856751569,4568.581432484314
254,2022-09-11,Tablet,West,1458,7,17766,124362,92677.34241200471,31684.65758799529
255,2022-09-12,Mobile,South,1998,9,21292,191628,139335.4848370405,52292.51516295952
256,2022-09-13,Tablet,Central,1279,3,20952,62856,32476.54220122411,30379.45779877589
257,2022-09-14,Tablet,North,1699,2,44026,88052,44207.68549880937,43844.31450119063
258,2022-09-15,Headphones,North,1301,3,49579,148737,83848.13120046692,64888.86879953308
259,2022-09-16,Headphones,East,1530,1,41834,41834,29244.35380833261,12589.64619166739
260,2022-09-17,Laptop,East,1579,6,12389,74334,46336.78624157855,27997.21375842145
261,2022-09-18,Laptop,Central,1217,7,24835,173845,107909.3948443667,65935.60515563333
262,2022-09-19,Mobile,North,1101,2,11754,23508,17992.46057055053,5515.539429449469
263,2022-09-20,Laptop,Central,1553,8,21574,172592,132666.0949254311,39925.9050745689
264,2022-09-21,Tablet,East,1287,6,11942,71652,55369.26780599026,16282.73219400974
265,2022-09-22,Headphones,East,1166,4,46789,187156,111201.2495864739,75954.75041352607
266,2022-09-23,Laptop,North,1620,5,37827,189135,133778.3523427321,55356.64765726792
267,2022-09-24,Laptop,West,1035,8,16699,133592,77682.40598584167,55909.59401415833
268,2022-09-25,Mobile,South,1743,3,7791,23373,13023.03708853473,10349.96291146527
269,2022-09-26,Camera,East,1740,3,41428,124284,69026.05809868814,55257.94190131186
270,2022-09-27,Mobile,East,1352,4,612,2448,1475.243836762224,972.7561632377765
271,2022-09-28,Tablet,West,1675,1,22015,22015,13847.15509983583,8167.844900164167
272,2022-09-29,Headphones,West,1898,9,20081,180729,135417.4838206835,45311.51617931653
273,2022-09-30,Mobile,Central,1072,8,49192,393536,210922.4384082632,182613.5615917368
274,2022-10-01,Laptop,Central,1647,8,27000,216000,155623.1949111891,60376.80508881086
275,2022-10-02,Headphones,South,1352,6,32526,195156,128692.9845700584,66463.01542994157
276,2022-10-03,Headphones,South,1890,7,17023,119161,69874.05649358418,49286.94350641582
277,2022-10-04,Laptop,North,1069,6,1924,11544,7478.732785154079,4065.267214845921
278,2022-10-05,Mobile,Central,1424,9,20052,180468,106472.9836345559,73995.01636544408
279,2022-10-06,Laptop,East,1998,3,11308,33924,23028.44527485129,10895.55472514871
280,2022-10-07,Camera,Central,1707,3,39311,117933,74315.85460622625,43617.14539377375
281,2022-10-08,Headphones,East,1780,3,7489,22467,12341.60970654455,10125.39029345545
282,2022-10-09,Smartwatch,West,1560,3,24120,72360,38710.78538245507,33649.21461754493
283,2022-10-10,Smartwatch,Central,1827,9,39529,355761,236228.400764899,119532.599235101
284,2022-10-11,Tablet,West,1641,4,1387,5548,4275.976252601391,1272.023747398609
285,2022-10-12,Laptop,South,1955,7,32302,226114,136389.0945014913,89724.90549850866
286,2022-10-13,Laptop,South,1516,9,19988,179892,129504.2565865476,50387.74341345235
287,2022-10-14,Tablet,North,1427,7,30513,213591,149000.7412388819,64590.25876111808
288,2022-10-15,Tablet,Central,1538,9,49701,447309,348662.3691494579,98646.6308505421
289,2022-10-16,Tablet,West,1159,3,16902,50706,37841.59903895107,12864.40096104893
290,2022-10-17,Headphones,East,1148,4,21705,86820,58167.80057345169,28652.19942654831
291,2022-10-18,Camera,South,1775,8,26549,212392,148060.4064742815,64331.59352571846
292,2022-10-19,Laptop,South,1229,6,12753,76518,58881.82069502315,17636.17930497685
293,2022-10-20,Headphones,East,1711,5,19490,97450,60404.93166739904,37045.06833260096
294,2022-10-21,Tablet,West,1561,4,8346,33384,19964.91433810681,13419.08566189319
295,2022-10-22,Laptop,West,1066,8,25527,204216,102770.3388766936,101445.6611233064
296,2022-10-23,Headphones,Central,1811,1,39700,39700,29694.22329362034,10005.77670637966
297,2022-10-24,Camera,Central,1380,9,46720,420480,311278.9094716821,109201.0905283179
298,2022-10-25,Headphones,North,1057,1,46663,46663,24793.74835343221,21869.25164656779
299,2022-10-26,Camera,South,1258,8,4265,34120,22964.71215327432,11155.28784672568
300,2022-10-27,Tablet,Central,1341,4,16450,65800,42058.99872181435,23741.00127818565
301,2022-10-28,Camera,West,1837,9,45770,411930,220634.9513139205,191295.0486860795
302,2022-10-29,Laptop,East,1129,5,10241,51205,40665.49881999331,10539.50118000669
303,2022-10-30,Tablet,West,1726,3,23242,69726,39353.96563478097,30372.03436521903
304,2022-10-31,Laptop,South,1171,9,25203,226827,117988.6582102205,108838.3417897795
305,2022-11-01,Smartwatch,West,1769,9,39209,352881,239413.601437804,113467.398562196
306,2022-11-02,Mobile,North,1613,4,38123,152492,110047.3771988111,42444.62280118886
307,2022-11-03,Camera,South,1208,4,23431,93724,47774.21886119797,45949.78113880203
308,2022-11-04,Mobile,East,1802,8,24080,192640,134388.6097773121,58251.39022268794
309,2022-11-05,Mobile,North,1353,2,15666,31332,20669.33071719329,10662.66928280671
310,2022-11-06,Camera,South,1470,9,29740,267660,142121.9736826486,125538.0263173514
311,2022-11-07,Tablet,East,1797,6,26491,158946,87699.59404353495,71246.40595646505
312,2022-11-08,Smartwatch,North,1115,9,39056,351504,235645.5712211375,115858.4287788625
313,2022-11-09,Laptop,North,1263,8,33469,267752,157681.103120023,110070.896879977
314,2022-11-10,Headphones,South,1661,7,11061,77427,60508.79157668564,16918.20842331436
315,2022-11-11,Laptop,Central,1811,1,17401,17401,12974.56961997559,4426.430380024409
316,2022-11-12,Headphones,North,1441,3,41005,123015,97805.55597278348,25209.44402721652
317,2022-11-13,Laptop,North,1547,2,30520,61040,35275.09240285998,25764.90759714002
318,2022-11-14,Camera,East,1452,5,26417,132085,104468.2838114362,27616.71618856376
319,2022-11-15,Smartwatch,West,1844,5,2488,12440,7829.364802062094,4610.635197937906
320,2022-11-16,Headphones,South,1476,5,48709,243545,147163.4395014065,96381.56049859346
321,2022-11-17,Tablet,South,1286,4,45005,180020,92729.17655350688,87290.82344649312
322,2022-11-18,Laptop,Central,1302,5,14756,73780,38057.90621746445,35722.09378253555
323,2022-11-19,Laptop,Central,1310,3,22692,68076,48170.80747794734,19905.19252205266
324,2022-11-20,Headphones,South,1207,1,28730,28730,18311.89000302689,10418.10999697311
325,2022-11-21,Tablet,Central,1617,5,40430,202150,114812.4040109596,87337.59598904036
326,2022-11-22,Tablet,East,1445,9,46333,416997,285305.6327480109,131691.3672519891
327,2022-11-23,Camera,South,1669,9,23125,208125,119850.3287582413,88274.6712417587
328,2022-11-24,Camera,Central,1632,4,32588,130352,87764.63633269125,42587.36366730875
329,2022-11-25,Camera,South,1054,3,14614,43842,26645.52896556453,17196.47103443547
330,2022-11-26,Camera,West,1911,1,41667,41667,31127.9851878704,10539.0148121296
331,2022-11-27,Camera,North,1011,2,38901,77802,58056.54080999309,19745.45919000691
332,2022-11-28,Camera,South,1656,8,6255,50040,32185.98417661349,17854.01582338651
333,2022-11-29,Smartwatch,North,1399,1,11325,11325,6854.407923965717,4470.592076034283
334,2022-11-30,Tablet,Central,1907,8,23193,185544,112953.2384678282,72590.7615321718
335,2022-12-01,Camera,North,1647,7,4617,32319,23971.46632652134,8347.533673478658
336,2022-12-02,Tablet,South,1979,8,25229,201832,120787.1364116023,81044.8635883977
337,2022-12-03,Tablet,West,1514,6,32682,196092,110344.4612126769,85747.53878732314
338,2022-12-04,Mobile,Central,1655,9,29390,264510,138975.2739928312,125534.7260071688
339,2022-12-05,Smartwatch,South,1541,3,29840,89520,57293.51045447168,32226.48954552832
340,2022-12-06,Camera,Central,1236,4,2018,8072,5203.531090744289,2868.468909255711
341,2022-12-07,Laptop,East,1278,6,31449,188694,141949.3284602299,46744.67153977015
342,2022-12-08,Headphones,North,1347,8,23047,184376,104425.3317687818,79950.66823121815
343,2022-12-09,Laptop,East,1626,5,16846,84230,51742.2684943268,32487.7315056732
344,2022-12-10,Smartwatch,South,1103,3,3100,9300,6905.452011513397,2394.547988486603
345,2022-12-11,Headphones,West,1629,6,46505,279030,208459.7088321858,70570.29116781417
346,2022-12-12,Smartwatch,Central,1516,4,29767,119068,73272.461478392,45795.538521608
347,2022-12-13,Tablet,North,1979,9,36822,331398,211344.8349207479,120053.1650792521
348,2022-12-14,Headphones,Central,1871,3,27490,82470,48738.59622550211,33731.40377449789
349,2022-12-15,Tablet,South,1247,4,16693,66772,52066.5663025443,14705.4336974557
350,2022-12-16,Laptop,Central,1363,7,30609,214263,114757.7907537265,99505.20924627353
351,2022-12-17,Laptop,North,1320,7,19733,138131,107759.4224645848,30371.57753541518
352,2022-12-18,Headphones,South,1632,4,48521,194084,136860.2609314032,57223.73906859677
353,2022-12-19,Headphones,Central,1285,6,16694,100164,66055.31793051412,34108.68206948588
354,2022-12-20,Camera,West,1148,3,35010,105030,53544.05434625869,51485.94565374131
355,2022-12-21,Smartwatch,South,1083,6,1806,10836,6964.068100374984,3871.931899625016
356,2022-12-22,Camera,South,1965,2,4349,8698,5412.97790519413,3285.02209480587
357,2022-12-23,Smartwatch,West,1405,8,12860,102880,56415.85741280019,46464.14258719981
358,2022-12-24,Camera,East,1977,2,46036,92072,64167.08350405374,27904.91649594626
359,2022-12-25,Tablet,North,1455,7,29731,208117,164692.4040166297,43424.59598337032
360,2022-12-26,Headphones,East,1742,9,46300,416700,278629.2232711763,138070.7767288237
361,2022-12-27,Laptop,Central,1799,1,37463,37463,26764.54059862587,10698.45940137413
362,2022-12-28,Smartwatch,West,1160,8,19189,153512,79908.3897622943,73603.6102377057
363,2022-12-29,Smartwatch,East,1783,7,29584,207088,129492.1468489249,77595.85315107506
364,2022-12-30,Laptop,South,1459,6,40887,245322,131224.5888892573,114097.4111107427
365,2022-12-31,Camera,Central,1549,6,9780,58680,40127.65788878473,18552.34211121527
366,2023-01-01,Smartwatch,Central,1499,6,3142,18852,14733.67969399597,4118.320306004025
367,2023-01-02,Tablet,East,1737,9,42637,383733,268050.2863843618,115682.7136156382
368,2023-01-03,Headphones,East,1508,2,14796,29592,15477.82674171611,14114.17325828389
369,2023-01-04,Laptop,West,1653,1,15938,15938,9664.800992515675,6273.199007484325
370,2023-01-05,Headphones,North,1803,6,48942,293652,195337.0208098695,98314.97919013051
371,2023-01-06,Smartwatch,East,1480,8,38025,304200,188896.7398247206,115303.2601752794
372,2023-01-07,Smartwatch,East,1662,3,3494,10482,7862.476955340228,2619.523044659772
373,2023-01-08,Laptop,South,1113,1,48494,48494,36098.99671072186,12395.00328927814
374,2023-01-09,Tablet,Central,1748,9,34539,310851,212481.9853290319,98369.01467096806
375,2023-01-10,Mobile,North,1577,1,2313,2313,1415.642468127584,897.3575318724156
376,2023-01-11,Laptop,South,1360,3,27991,83973,48418.90839420627,35554.09160579373
377,2023-01-12,Mobile,West,1340,8,19345,154760,82295.53284599917,72464.46715400083
378,2023-01-13,Camera,West,1769,3,41743,125229,75947.5446016013,49281.4553983987
379,2023-01-14,Mobile,East,1986,4,37664,150656,94002.07562573387,56653.92437426613
380,2023-01-15,Tablet,East,1760,8,42551,340408,239220.6590866483,101187.3409133517
381,2023-01-16,Camera,West,1968,1,13818,13818,9637.33573564316,4180.664264356839
382,2023-01-17,Mobile,East,1448,6,17700,106200,55333.64532897044,50866.35467102956
383,2023-01-18,Camera,North,1842,1,582,582,360.0122764742802,221.9877235257198
384,2023-01-19,Mobile,East,1834,1,2420,2420,1341.971457599805,1078.028542400195
385,2023-01-20,Tablet,Central,1179,8,41085,328680,179802.3599950583,148877.6400049417
386,2023-01-21,Mobile,East,1701,4,12183,48732,36460.82650829864,12271.17349170136
387,2023-01-22,Mobile,South,1406,1,11836,11836,6066.832551516088,5769.167448483912
388,2023-01-23,Mobile,North,1665,7,16096,112672,70505.05189809315,42166.94810190685
389,2023-01-24,Laptop,South,1195,5,2593,12965,7136.728119103873,5828.271880896127
390,2023-01-25,Laptop,South,1465,5,13405,67025,51193.63231175492,15831.36768824508
391,2023-01-26,Laptop,Central,1310,1,24851,24851,16578.40413861937,8272.595861380629
392,2023-01-27,Tablet,North,1261,6,31481,188886,107554.3688648032,81331.6311351968
393,2023-01-28,Camera,North,1418,9,8867,79803,51930.06143932151,27872.93856067849
394,2023-01-29,Smartwatch,North,1405,9,5785,52065,37457.95119538282,14607.04880461718
395,2023-01-30,Mobile,North,1938,8,44164,353312,278210.3769902029,75101.62300979713
396,2023-01-31,Mobile,North,1142,5,38205,191025,108145.7093882943,82879.29061170566
397,2023-02-01,Tablet,Central,1341,1,17253,17253,13213.28823436428,4039.711765635722
398,2023-02-02,Mobile,East,1315,9,18985,170865,133324.4617401685,37540.53825983155
399,2023-02-03,Laptop,South,1100,1,13477,13477,10443.6799035976,3033.320096402404
400,2023-02-04,Smartwatch,North,1243,8,20374,162992,112566.2370560909,50425.76294390908
401,2023-02-05,Headphones,East,1489,5,8174,40870,28157.23104402395,12712.76895597605
402,2023-02-06,Mobile,East,1011,3,29538,88614,55026.03211468538,33587.96788531462
403,2023-02-07,Laptop,South,1238,7,29815,208705,151461.2600078636,57243.73999213637
404,2023-02-08,Headphones,Central,1560,7,4176,29232,19275.23602333033,9956.763976669667
405,2023-02-09,Smartwatch,West,1041,9,2926,26334,18518.89625031777,7815.103749682228
406,2023-02-10,Headphones,West,1677,7,24973,174811,109875.2463889135,64935.75361108646
407,2023-02-11,Laptop,East,1593,3,3462,10386,7472.196682665613,2913.803317334387
408,2023-02-12,Camera,South,1428,1,30443,30443,22751.31592313059,7691.684076869413
409,2023-02-13,Camera,West,1802,8,1359,10872,5913.616494535745,4958.383505464255
410,2023-02-14,Headphones,East,1157,3,45316,135948,101944.5386918655,34003.46130813446
411,2023-02-15,Tablet,Central,1215,8,4638,37104,24566.14875466427,12537.85124533573
412,2023-02-16,Headphones,West,1669,8,35692,285536,215122.7575053959,70413.24249460408
413,2023-02-17,Mobile,East,1461,5,26140,130700,82261.33990563119,48438.66009436881
414,2023-02-18,Mobile,East,1133,1,10909,10909,6694.985796513059,4214.014203486941
415,2023-02-19,Camera,North,1066,7,4517,31619,24489.49159043862,7129.508409561382
416,2023-02-20,Tablet,Central,1847,5,10951,54755,31503.33197338381,23251.66802661619
417,2023-02-21,Laptop,North,1006,8,28827,230616,173714.6608824568,56901.33911754325
418,2023-02-22,Mobile,South,1947,9,10778,97002,62586.28907236717,34415.71092763283
419,2023-02-23,Camera,North,1525,7,25444,178108,116523.3533245759,61584.64667542407
420,2023-02-24,Smartwatch,North,1072,7,44264,309848,183597.4840248861,126250.5159751139
421,2023-02-25,Camera,West,1398,1,1634,1634,1097.905286743442,536.0947132565584
422,2023-02-26,Mobile,East,1404,4,30631,122524,73215.85298376395,49308.14701623605
423,2023-02-27,Mobile,Central,1674,2,38387,76774,39291.46100269659,37482.53899730341
424,2023-02-28,Camera,North,1577,2,38962,77924,45320.56579685608,32603.43420314392
425,2023-03-01,Laptop,Central,1858,2,23020,46040,23108.10734753183,22931.89265246817
426,2023-03-02,Headphones,North,1129,4,22369,89476,70999.78187800979,18476.21812199021
427,2023-03-03,Mobile,South,1930,1,37432,37432,29560.95486739184,7871.04513260816
428,2023-03-04,Camera,North,1465,4,5539,22156,13704.51823123892,8451.481768761083
429,2023-03-05,Camera,West,1205,2,21781,43562,31299.7873470231,12262.2126529769
430,2023-03-06,Tablet,East,1787,5,47899,239495,144593.1494616414,94901.85053835859
431,2023-03-07,Headphones,South,1977,3,10942,32826,23021.79119235128,9804.208807648723
432,2023-03-08,Smartwatch,North,1767,8,8752,70016,51925.89696817219,18090.10303182781
433,2023-03-09,Laptop,Central,1265,4,28086,112344,88080.71506611153,24263.28493388847
434,2023-03-10,Smartwatch,South,1536,1,18068,18068,11203.31062001556,6864.689379984437
435,2023-03-11,Headphones,South,1961,1,21310,21310,15662.62400503801,5647.375994961985
436,2023-03-12,Headphones,North,1792,3,2051,6153,3567.377327021828,2585.622672978172
437,2023-03-13,Headphones,South,1252,9,13125,118125,94157.40101568741,23967.59898431259
438,2023-03-14,Smartwatch,Central,1821,7,34897,244279,124027.9915449671,120251.0084550329
439,2023-03-15,Headphones,South,1288,2,26749,53498,36435.27522705909,17062.72477294091
440,2023-03-16,Camera,Central,1163,9,1861,16749,11688.31970600342,5060.680293996576
441,2023-03-17,Smartwatch,North,1094,2,26649,53298,37650.43563028108,15647.56436971892
442,2023-03-18,Headphones,East,1781,3,4870,14610,7832.658757832578,6777.341242167422
443,2023-03-19,Camera,South,1832,2,5783,11566,9039.510642695068,2526.489357304932
444,2023-03-20,Tablet,East,1109,3,8110,24330,13487.45675378656,10842.54324621344
445,2023-03-21,Headphones,Central,1335,6,43826,262956,180605.0231707007,82350.9768292993
446,2023-03-22,Smartwatch,South,1821,9,15424,138816,78681.30077986505,60134.69922013495
447,2023-03-23,Mobile,West,1237,9,48107,432963,256385.5024688342,176577.4975311658
448,2023-03-24,Headphones,East,1380,7,45217,316519,210148.8533507733,106370.1466492267
449,2023-03-25,Mobile,South,1435,3,11126,33378,20866.52457745453,12511.47542254547
450,2023-03-26,Camera,East,1898,4,35261,141044,77301.65789923912,63742.34210076088
451,2023-03-27,Tablet,South,1482,6,1369,8214,4528.221482845454,3685.778517154546
452,2023-03-28,Laptop,North,1936,5,32052,160260,100233.5651252911,60026.43487470891
453,2023-03-29,Tablet,East,1901,2,1514,3028,2201.915857465465,826.0841425345352
454,2023-03-30,Headphones,West,1024,6,10603,63618,48947.01447094879,14670.98552905121
455,2023-03-31,Mobile,West,1652,3,17486,52458,27552.95067204081,24905.04932795919
456,2023-04-01,Mobile,Central,1116,8,45281,362248,223844.3312916734,138403.6687083266
457,2023-04-02,Smartwatch,South,1481,2,30971,61942,32833.82321243673,29108.17678756327
458,2023-04-03,Mobile,East,1391,1,33958,33958,17148.03423719653,16809.96576280347
459,2023-04-04,Smartwatch,Central,1916,9,25569,230121,160743.109490613,69377.89050938701
460,2023-04-05,Camera,East,1993,3,17373,52119,35479.21873975698,16639.78126024302
461,2023-04-06,Laptop,South,1963,1,23748,23748,13035.41337446278,10712.58662553722
462,2023-04-07,Headphones,West,1536,7,24124,168868,96279.05164962786,72588.94835037214
463,2023-04-08,Smartwatch,North,1078,5,44016,220080,111605.2807266257,108474.7192733743
464,2023-04-09,Laptop,West,1579,5,29561,147805,110925.3115212984,36879.6884787016
465,2023-04-10,Mobile,Central,1172,1,24670,24670,19548.68510135533,5121.314898644669
466,2023-04-11,Mobile,North,1955,9,8524,76716,41475.57414742246,35240.42585257754
467,2023-04-12,Laptop,Central,1011,7,17178,120246,68473.19056632662,51772.80943367338
468,2023-04-13,Mobile,South,1799,8,38756,310048,235798.5908242097,74249.40917579026
469,2023-04-14,Camera,North,1127,9,20911,188199,146407.3680934668,41791.63190653318
470,2023-04-15,Camera,Central,1607,6,44303,265818,166372.3534928822,99445.64650711778
471,2023-04-16,Laptop,South,1091,5,19796,98980,50993.18369155788,47986.81630844212
472,2023-04-17,Smartwatch,West,1652,6,26793,160758,82278.76572023708,78479.23427976292
473,2023-04-18,Smartwatch,South,1542,2,27672,55344,37201.404416317,18142.595583683
474,2023-04-19,Laptop,East,1845,4,21628,86512,53453.04249817001,33058.95750182999
475,2023-04-20,Smartwatch,South,1531,3,18757,56271,28619.19022566666,27651.80977433334
476,2023-04-21,Smartwatch,South,1657,7,13355,93485,63100.10496860182,30384.89503139818
477,2023-04-22,Camera,East,1988,9,20142,181278,91253.67036833544,90024.32963166456
478,2023-04-23,Smartwatch,Central,1827,5,36085,180425,132830.9756647248,47594.02433527523
479,2023-04-24,Tablet,Central,1446,6,20525,123150,72896.16063477607,50253.83936522393
480,2023-04-25,Headphones,South,1389,2,4958,9916,5077.759507351864,4838.240492648136
481,2023-04-26,Mobile,East,1671,3,5807,17421,11785.40521252425,5635.594787475746
482,2023-04-27,Tablet,East,1860,3,42201,126603,78405.91197614041,48197.08802385959
483,2023-04-28,Smartwatch,West,1042,9,18925,170325,134921.266621517,35403.73337848304
484,2023-04-29,Camera,Central,1253,7,43927,307489,203945.0307603803,103543.9692396197
485,2023-04-30,Laptop,North,1129,8,28773,230184,134098.6966943468,96085.30330565319
486,2023-05-01,Smartwatch,Central,1059,9,39006,351054,250242.4053555646,100811.5946444354
487,2023-05-02,Camera,Central,1662,6,6168,37008,21518.2128090302,15489.7871909698
488,2023-05-03,Headphones,West,1466,4,26434,105736,81551.32059808109,24184.67940191891
489,2023-05-04,Smartwatch,North,1286,1,47695,47695,29209.20931500479,18485.79068499521
490,2023-05-05,Laptop,West,1516,8,8197,65576,43605.45426178373,21970.54573821627
491,2023-05-06,Camera,North,1466,7,24917,174419,89855.77305877545,84563.22694122455
492,2023-05-07,Camera,South,1929,2,16946,33892,21278.6302990031,12613.3697009969
493,2023-05-08,Camera,North,1777,8,41097,328776,246486.346534675,82289.65346532498
494,2023-05-09,Headphones,West,1344,5,11251,56255,41724.03206371445,14530.96793628555
495,2023-05-10,Smartwatch,Central,1641,7,46718,327026,185520.40030829,141505.59969171
496,2023-05-11,Headphones,North,1381,4,7852,31408,17834.20743868993,13573.79256131007
497,2023-05-12,Mobile,North,1778,5,14016,70080,52223.02688397109,17856.97311602891
498,2023-05-13,Mobile,East,1689,8,23799,190392,148338.1248038635,42053.87519613653
499,2023-05-14,Smartwatch,Central,1252,1,32457,32457,17157.03882652737,15299.96117347263
500,2023-05-15,Headphones,South,1926,1,29427,29427,18686.66267471866,10740.33732528134
501,2023-05-16,Laptop,West,1055,4,41594,166376,100031.2879350858,66344.71206491423
502,2023-05-17,Camera,South,1462,3,36912,110736,84292.9670410605,26443.0329589395
503,2023-05-18,Camera,Central,1456,2,29993,59986,31496.09765959868,28489.90234040132
504,2023-05-19,Smartwatch,North,1982,3,27211,81633,45986.95322065208,35646.04677934792
505,2023-05-20,Mobile,North,1082,1,8503,8503,6170.971482349389,2332.028517650611
506,2023-05-21,Mobile,Central,1904,1,32207,32207,16599.1062982414,15607.8937017586
507,2023-05-22,Camera,North,1098,6,3778,22668,14683.43760300945,7984.562396990548
508,2023-05-23,Smartwatch,North,1148,5,7796,38980,24659.99966354465,14320.00033645535
509,2023-05-24,Headphones,North,1328,8,25898,207184,124376.7721602815,82807.22783971853
510,2023-05-25,Mobile,West,1155,2,36342,72684,44945.7282499922,27738.2717500078
511,2023-05-26,Headphones,West,1189,4,13761,55044,36273.01490009633,18770.98509990367
512,2023-05-27,Mobile,East,1493,8,11673,93384,51212.73881872223,42171.26118127777
513,2023-05-28,Mobile,South,1882,6,30949,185694,124711.860786598,60982.13921340196
514,2023-05-29,Tablet,Central,1262,1,41580,41580,30836.96287568803,10743.03712431197
515,2023-05-30,Mobile,Central,1079,4,2137,8548,6223.356688353884,2324.643311646116
516,2023-05-31,Laptop,Central,1399,1,32281,32281,17630.91284702591,14650.08715297409
517,2023-06-01,Smartwatch,East,1763,2,14152,28304,15419.30709746881,12884.69290253119
518,2023-06-02,Smartwatch,West,1608,5,5603,28015,16261.37147371212,11753.62852628788
519,2023-06-03,Headphones,East,1259,8,26000,208000,126531.0629236807,81468.93707631927
520,2023-06-04,Mobile,Central,1771,8,35300,282400,175804.3568569266,106595.6431430734
521,2023-06-05,Laptop,South,1614,3,36029,108087,76083.42992275974,32003.57007724026
522,2023-06-06,Headphones,North,1551,4,48463,193852,100222.2845408635,93629.71545913654
523,2023-06-07,Tablet,West,1784,6,18952,113712,58038.81076288634,55673.18923711366
524,2023-06-08,Headphones,West,1100,3,49893,149679,92437.73434526441,57241.26565473559
525,2023-06-09,Headphones,East,1358,2,31674,63348,44923.17767086704,18424.82232913296
526,2023-06-10,Mobile,West,1379,6,35936,215616,120320.3264720715,95295.6735279285
527,2023-06-11,Tablet,Central,1819,5,47906,239530,165862.870518593,73667.129481407
528,2023-06-12,Headphones,Central,1220,5,16454,82270,47547.81827250453,34722.18172749547
529,2023-06-13,Laptop,East,1819,5,17686,88430,67721.97838071379,20708.02161928621
530,2023-06-14,Laptop,Central,1419,5,12856,64280,49412.48488523743,14867.51511476257
531,2023-06-15,Smartwatch,South,1123,3,33463,100389,59147.80954517942,41241.19045482058
532,2023-06-16,Tablet,East,1421,7,2687,18809,10702.28575548838,8106.714244511622
533,2023-06-17,Tablet,South,1230,6,12207,73242,45658.41765662248,27583.58234337752
534,2023-06-18,Smartwatch,North,1689,4,35598,142392,81470.93204309152,60921.06795690848
535,2023-06-19,Headphones,South,1062,2,27435,54870,38503.11044442473,16366.88955557527
536,2023-06-20,Tablet,North,1484,9,21725,195525,146217.3892338911,49307.61076610893
537,2023-06-21,Laptop,North,1627,1,4106,4106,2882.114886856437,1223.885113143563
538,2023-06-22,Laptop,South,1702,4,33328,133312,99624.74204711159,33687.25795288841
539,2023-06-23,Mobile,East,1573,1,26989,26989,16708.82643974525,10280.17356025475
540,2023-06-24,Tablet,Central,1767,6,14887,89322,48849.76333729706,40472.23666270294
541,2023-06-25,Headphones,Central,1482,4,4427,17708,12774.29061295497,4933.709387045032
542,2023-06-26,Smartwatch,North,1518,5,6796,33980,20664.677105413,13315.322894587
543,2023-06-27,Smartwatch,North,1154,5,30944,154720,108517.7066238354,46202.29337616458
544,2023-06-28,Headphones,East,1091,9,46890,422010,245269.3349867175,176740.6650132825
545,2023-06-29,Camera,West,1981,1,47393,47393,24851.41482471779,22541.58517528221
546,2023-06-30,Mobile,South,1525,2,3091,6182,4931.842197911606,1250.157802088394
547,2023-07-01,Smartwatch,North,1454,6,45395,272370,148948.3814145172,123421.6185854828
548,2023-07-02,Tablet,Central,1740,5,49016,245080,195212.665160171,49867.33483982898
549,2023-07-03,Mobile,East,1597,7,26647,186529,147951.8145625061,38577.18543749393
550,2023-07-04,Tablet,South,1644,3,39389,118167,87224.4311653504,30942.5688346496
551,2023-07-05,Laptop,East,1509,3,1700,5100,3558.917131985456,1541.082868014544
552,2023-07-06,Mobile,South,1182,2,16221,32442,21844.56489727371,10597.43510272629
553,2023-07-07,Smartwatch,South,1385,3,19738,59214,44992.60107240093,14221.39892759907
554,2023-07-08,Mobile,North,1573,1,11587,11587,6799.620721101502,4787.379278898498
555,2023-07-09,Mobile,East,1730,5,31316,156580,100258.8572752646,56321.14272473539
556,2023-07-10,Mobile,East,1404,5,23908,119540,81982.5630814215,37557.4369185785
557,2023-07-11,Camera,Central,1245,7,40240,281680,175587.2399728755,106092.7600271245
558,2023-07-12,Mobile,Central,1741,4,636,2544,1598.257661761693,945.7423382383072
559,2023-07-13,Tablet,North,1590,3,17913,53739,32194.25032406835,21544.74967593165
560,2023-07-14,Laptop,North,1660,1,48614,48614,32535.86966089061,16078.13033910939
561,2023-07-15,Headphones,West,1649,8,19478,155824,117673.9775760283,38150.02242397175
562,2023-07-16,Mobile,Central,1470,3,1161,3483,1952.077002178796,1530.922997821204
563,2023-07-17,Smartwatch,South,1825,2,35740,71480,55777.9820830288,15702.0179169712
564,2023-07-18,Mobile,East,1887,4,27753,111012,78455.09958536955,32556.90041463045
565,2023-07-19,Smartwatch,North,1422,3,27384,82152,61366.06229042695,20785.93770957305
566,2023-07-20,Tablet,East,1900,1,33354,33354,22242.35530859442,11111.64469140558
567,2023-07-21,Smartwatch,East,1064,3,11204,33612,24666.33461047968,8945.665389520316
568,2023-07-22,Headphones,West,1012,2,39487,78974,39870.82305384612,39103.17694615388
569,2023-07-23,Laptop,Central,1212,8,25027,200216,149263.8565382978,50952.14346170216
570,2023-07-24,Smartwatch,North,1985,6,16822,100932,51681.38859756126,49250.61140243874
571,2023-07-25,Smartwatch,East,1241,9,48017,432153,331450.1206006021,100702.8793993979
572,2023-07-26,Laptop,North,1492,8,7468,59744,47651.14671130766,12092.85328869234
573,2023-07-27,Headphones,South,1212,3,28018,84054,49442.26393974206,34611.73606025794
574,2023-07-28,Mobile,West,1692,5,46864,234320,131944.5532326662,102375.4467673338
575,2023-07-29,Smartwatch,South,1337,7,28386,198702,144974.7693375961,53727.23066240389
576,2023-07-30,Laptop,North,1996,5,2200,11000,6334.986925036837,4665.013074963163
577,2023-07-31,Tablet,North,1172,8,28746,229968,174699.4950400036,55268.50495999641
578,2023-08-01,Laptop,Central,1671,5,35968,179840,95468.56353208018,84371.43646791982
579,2023-08-02,Tablet,East,1163,1,23699,23699,12745.00365969832,10953.99634030168
580,2023-08-03,Headphones,East,1464,5,45089,225445,178945.9467018975,46499.05329810249
581,2023-08-04,Mobile,South,1994,4,32615,130460,91602.70680049145,38857.29319950855
582,2023-08-05,Laptop,West,1496,6,6020,36120,27236.86996391214,8883.130036087863
583,2023-08-06,Camera,East,1699,3,44778,134334,80237.53877314164,54096.46122685836
584,2023-08-07,Smartwatch,Central,1394,5,36955,184775,129886.6854453009,54888.3145546991
585,2023-08-08,Headphones,South,1702,2,21429,42858,29069.40487043756,13788.59512956244
586,2023-08-09,Laptop,South,1916,6,42105,252630,172027.144453998,80602.85554600196
587,2023-08-10,Smartwatch,Central,1307,6,15455,92730,65352.37049187988,27377.62950812012
588,2023-08-11,Laptop,West,1767,5,44549,222745,149820.0137055923,72924.98629440769
589,2023-08-12,Tablet,Central,1182,6,14417,86502,54385.42592082576,32116.57407917424
590,2023-08-13,Laptop,West,1628,7,5257,36799,21445.60376915292,15353.39623084708
591,2023-08-14,Camera,Central,1793,5,13545,67725,49478.15119082898,18246.84880917102
592,2023-08-15,Laptop,Central,1509,1,42180,42180,23953.25132926032,18226.74867073968
593,2023-08-16,Laptop,North,1707,8,5233,41864,29627.41620185452,12236.58379814548
594,2023-08-17,Camera,South,1545,4,31454,125816,71715.1007243343,54100.8992756657
595,2023-08-18,Headphones,Central,1563,9,31635,284715,195769.7638015747,88945.2361984253
596,2023-08-19,Laptop,Central,1623,6,7581,45486,32937.4806175893,12548.5193824107
597,2023-08-20,Camera,East,1763,1,41958,41958,23732.03920522217,18225.96079477783
598,2023-08-21,Smartwatch,South,1593,3,24001,72003,37296.32924757503,34706.67075242497
599,2023-08-22,Tablet,East,1743,3,21613,64839,34967.16195659978,29871.83804340022
600,2023-08-23,Tablet,South,1226,4,34941,139764,95290.96804010028,44473.03195989972
601,2023-08-24,Laptop,East,1744,6,47586,285516,215517.1620359841,69998.83796401587
602,2023-08-25,Headphones,Central,1732,7,25190,176330,90545.2868465327,85784.7131534673
603,2023-08-26,Headphones,Central,1435,4,44439,177756,128027.9373606621,49728.06263933792
604,2023-08-27,Smartwatch,North,1924,6,29845,179070,107870.9789790827,71199.02102091725
605,2023-08-28,Laptop,East,1421,1,46813,46813,30126.90457431279,16686.09542568721
606,2023-08-29,Tablet,West,1553,8,45071,360568,280759.1090506148,79808.89094938524
607,2023-08-30,Headphones,North,1020,7,27329,191303,114703.6434311444,76599.35656885557
608,2023-08-31,Laptop,East,1553,9,35562,320058,204709.4425208412,115348.5574791588
609,2023-09-01,Headphones,East,1396,3,4130,12390,6245.857535665451,6144.142464334549
610,2023-09-02,Camera,North,1624,2,48361,96722,50728.7174188924,45993.2825811076
611,2023-09-03,Headphones,Central,1104,1,32370,32370,18696.18294150989,13673.81705849011
612,2023-09-04,Tablet,East,1191,3,49798,149394,75945.28729956708,73448.71270043292
613,2023-09-05,Mobile,Central,1016,5,47721,238605,164497.2929015229,74107.70709847711
614,2023-09-06,Smartwatch,North,1119,2,45442,90884,57067.8364778676,33816.1635221324
615,2023-09-07,Smartwatch,Central,1392,3,3953,11859,7879.636187745484,3979.363812254516
616,2023-09-08,Tablet,South,1424,4,37775,151100,83466.75693668061,67633.24306331939
617,2023-09-09,Headphones,West,1128,7,43870,307090,180808.3300759071,126281.6699240929
618,2023-09-10,Laptop,East,1129,3,38896,116688,81582.10509648443,35105.89490351557
619,2023-09-11,Headphones,West,1571,9,8828,79452,62734.56959936476,16717.43040063524
620,2023-09-12,Tablet,Central,1559,8,16034,128272,66076.11811505078,62195.88188494922
621,2023-09-13,Smartwatch,East,1028,4,20244,80976,62117.92822967282,18858.07177032718
622,2023-09-14,Headphones,Central,1096,1,19889,19889,13386.57706386359,6502.42293613641
623,2023-09-15,Smartwatch,South,1009,1,36820,36820,24639.05553438262,12180.94446561738
624,2023-09-16,Laptop,North,1241,1,49670,49670,32289.65045313083,17380.34954686917
625,2023-09-17,Smartwatch,East,1825,1,35510,35510,18494.25519713727,17015.74480286273
626,2023-09-18,Smartwatch,South,1955,8,15165,121320,63931.15789578931,57388.84210421069
627,2023-09-19,Mobile,South,1231,3,38365,115095,78296.09018739976,36798.90981260024
628,2023-09-20,Mobile,East,1788,6,9140,54840,33029.4504172578,21810.5495827422
629,2023-09-21,Camera,Central,1283,3,35216,105648,81896.26100933965,23751.73899066035
630,2023-09-22,Mobile,South,1714,5,26021,130105,80922.33855894626,49182.66144105374
631,2023-09-23,Smartwatch,West,1758,7,30549,213843,116113.4210920047,97729.57890799534
632,2023-09-24,Tablet,South,1801,2,6118,12236,8741.589894019275,3494.410105980725
633,2023-09-25,Smartwatch,Central,1775,6,37504,225024,132315.4680919025,92708.53190809747
634,2023-09-26,Tablet,Central,1954,6,2420,14520,9548.94865884227,4971.05134115773
635,2023-09-27,Tablet,West,1725,3,44437,133311,94564.13594054393,38746.86405945607
636,2023-09-28,Mobile,South,1199,6,4688,28128,21660.78867596755,6467.211324032447
637,2023-09-29,Headphones,Central,1944,5,12707,63535,46867.06026851735,16667.93973148265
638,2023-09-30,Laptop,East,1078,2,738,1476,1037.492680854042,438.5073191459578
639,2023-10-01,Mobile,North,1912,9,33472,301248,212045.4410790517,89202.55892094833
640,2023-10-02,Mobile,North,1955,8,11299,90392,70847.20612700451,19544.79387299549
641,2023-10-03,Headphones,North,1854,3,6052,18156,10689.29469424413,7466.705305755868
642,2023-10-04,Laptop,South,1855,8,29416,235328,117742.5120709001,117585.4879290999
643,2023-10-05,Smartwatch,West,1172,9,5427,48843,28406.42296340586,20436.57703659414
644,2023-10-06,Camera,Central,1466,3,28464,85392,48277.85420672608,37114.14579327392
645,2023-10-07,Camera,East,1580,3,11664,34992,24443.67474069271,10548.32525930729
646,2023-10-08,Smartwatch,East,1415,2,37658,75316,51976.58685438218,23339.41314561782
647,2023-10-09,Mobile,South,1939,8,19571,156568,106159.118530194,50408.88146980605
648,2023-10-10,Laptop,North,1448,1,48909,48909,24692.83516917935,24216.16483082065
649,2023-10-11,Mobile,South,1086,8,6660,53280,38288.78842233915,14991.21157766085
650,2023-10-12,Tablet,West,1100,7,16310,114170,68166.24015804057,46003.75984195943
651,2023-10-13,Mobile,West,1007,7,5626,39382,27548.37048771774,11833.62951228226
652,2023-10-14,Mobile,Central,1844,3,30509,91527,61046.08614765497,30480.91385234503
653,2023-10-15,Smartwatch,Central,1199,1,34084,34084,20546.49225868544,13537.50774131456
654,2023-10-16,Smartwatch,West,1504,4,46682,186728,100902.7471611447,85825.25283885526
655,2023-10-17,Smartwatch,West,1086,9,25896,233064,123133.6937893027,109930.3062106973
656,2023-10-18,Camera,West,1042,5,692,3460,2593.116029770488,866.8839702295118
657,2023-10-19,Tablet,South,1384,1,36913,36913,28626.74254125697,8286.257458743032
658,2023-10-20,Smartwatch,West,1620,5,13316,66580,46268.86644607013,20311.13355392987
659,2023-10-21,Laptop,East,1434,8,39582,316656,168153.9099225784,148502.0900774216
660,2023-10-22,Camera,North,1407,8,32630,261040,162003.5554089519,99036.44459104809
661,2023-10-23,Headphones,West,1482,5,40642,203210,146043.3204560107,57166.6795439893
662,2023-10-24,Laptop,North,1663,9,36968,332712,244192.7297882273,88519.27021177267
663,2023-10-25,Laptop,South,1016,1,31198,31198,16705.45537347121,14492.54462652879
664,2023-10-26,Smartwatch,North,1644,4,11155,44620,22310.41120246429,22309.58879753571
665,2023-10-27,Headphones,South,1147,3,48397,145191,103614.2669485353,41576.7330514647
666,2023-10-28,Headphones,East,1276,2,30575,61150,37116.75684846695,24033.24315153305
667,2023-10-29,Camera,South,1231,8,9859,78872,45457.43547621863,33414.56452378137
668,2023-10-30,Headphones,South,1825,7,37161,260127,131069.994037182,129057.005962818
669,2023-10-31,Tablet,Central,1926,9,40079,360711,238823.0817937042,121887.9182062958
670,2023-11-01,Smartwatch,West,1365,2,42556,85112,64288.94241807286,20823.05758192714
671,2023-11-02,Headphones,West,1227,4,33772,135088,106353.3631495014,28734.63685049857
672,2023-11-03,Camera,East,1650,6,43081,258486,173114.144791268,85371.85520873198
673,2023-11-04,Tablet,East,1435,3,15171,45513,29780.90352282774,15732.09647717226
674,2023-11-05,Mobile,West,1398,8,27548,220384,115815.5199378983,104568.4800621017
675,2023-11-06,Mobile,Central,1210,3,11238,33714,22408.40928936216,11305.59071063784
676,2023-11-07,Tablet,West,1390,2,26463,52926,32496.23181999675,20429.76818000325
677,2023-11-08,Camera,Central,1498,3,44454,133362,90971.63259875868,42390.36740124132
678,2023-11-09,Tablet,East,1539,6,7273,43638,26907.97211059102,16730.02788940898
679,2023-11-10,Smartwatch,North,1562,2,37084,74168,42430.75161642004,31737.24838357996
680,2023-11-11,Smartwatch,East,1490,8,30394,243152,128503.2989806991,114648.7010193009
681,2023-11-12,Mobile,East,1441,1,1217,1217,723.4767241194058,493.5232758805942
682,2023-11-13,Headphones,South,1260,7,12176,85232,45087.16975480411,40144.83024519589
683,2023-11-14,Camera,South,1772,2,4934,9868,5457.685733219322,4410.314266780678
684,2023-11-15,Mobile,South,1349,6,38325,229950,183086.38489961,46863.61510039002
685,2023-11-16,Headphones,South,1351,2,29600,59200,37487.27917066155,21712.72082933845
686,2023-11-17,Headphones,Central,1519,2,5494,10988,7247.262091107136,3740.737908892864
687,2023-11-18,Smartwatch,West,1319,8,4734,37872,28861.70427610074,9010.295723899257
688,2023-11-19,Laptop,North,1137,2,4264,8528,6811.063475015376,1716.936524984624
689,2023-11-20,Laptop,East,1549,7,44449,311143,209963.7565737357,101179.2434262643
690,2023-11-21,Tablet,Central,1622,3,37905,113715,84574.6381680114,29140.3618319886
691,2023-11-22,Smartwatch,North,1991,8,35372,282976,169242.9389908085,113733.0610091915
692,2023-11-23,Headphones,Central,1367,7,42715,299005,176928.1915989582,122076.8084010418
693,2023-11-24,Camera,Central,1219,8,23685,189480,117631.2903162148,71848.70968378522
694,2023-11-25,Laptop,East,1336,7,43942,307594,215854.7596864515,91739.24031354848
695,2023-11-26,Headphones,West,1222,6,41653,249918,176106.5947785767,73811.40522142325
696,2023-11-27,Laptop,South,1647,7,12499,87493,52020.87315673532,35472.12684326468
697,2023-11-28,Laptop,West,1767,5,36987,184935,99858.05319606223,85076.94680393777
698,2023-11-29,Laptop,East,1359,7,3081,21567,14875.16701895749,6691.832981042511
699,2023-11-30,Camera,East,1920,1,3263,3263,1757.118186496582,1505.881813503418
700,2023-12-01,Smartwatch,East,1328,1,27874,27874,18774.4700523153,9099.529947684696
701,2023-12-02,Camera,North,1961,9,39259,353331,250167.7601784791,103163.2398215209
702,2023-12-03,Mobile,West,1462,5,11031,55155,39170.16812509079,15984.83187490921
703,2023-12-04,Headphones,West,1945,5,25807,129035,93684.78213968832,35350.21786031168
704,2023-12-05,Smartwatch,Central,1962,3,31335,94005,71618.44497728409,22386.55502271591
705,2023-12-06,Smartwatch,Central,1560,5,11564,57820,37582.28867462122,20237.71132537878
706,2023-12-07,Smartwatch,Central,1803,3,11812,35436,25481.13308405097,9954.866915949035
707,2023-12-08,Smartwatch,East,1381,9,38048,342432,234823.3674350383,107608.6325649617
708,2023-12-09,Camera,West,1835,9,37445,337005,187372.0778734554,149632.9221265446
709,2023-12-10,Smartwatch,East,1589,6,48437,290622,147550.7927913711,143071.2072086289
710,2023-12-11,Tablet,North,1616,1,6976,6976,4083.488211944687,2892.511788055313
711,2023-12-12,Headphones,Central,1168,7,25065,175455,111047.2436836401,64407.75631635988
712,2023-12-13,Smartwatch,East,1216,7,2882,20174,13821.84859687111,6352.151403128886
713,2023-12-14,Headphones,East,1377,4,22963,91852,69347.13932761413,22504.86067238587
714,2023-12-15,Tablet,North,1118,8,45776,366208,204664.0254270594,161543.9745729406
715,2023-12-16,Tablet,South,1189,6,33902,203412,109367.5001588487,94044.4998411513
716,2023-12-17,Headphones,West,1766,4,26845,107380,84727.543027938,22652.45697206201
717,2023-12-18,Laptop,South,1369,4,45264,181056,96396.63472273643,84659.36527726357
718,2023-12-19,Mobile,Central,1777,2,27446,54892,35325.59954609715,19566.40045390285
719,2023-12-20,Laptop,East,1148,2,14662,29324,19813.32123494044,9510.678765059562
720,2023-12-21,Laptop,North,1675,4,49654,198616,131565.6865948855,67050.31340511449
721,2023-12-22,Camera,North,1651,5,47273,236365,124282.9972391275,112082.0027608725
722,2023-12-23,Laptop,West,1858,8,8897,71176,36805.68428933649,34370.31571066351
723,2023-12-24,Smartwatch,South,1487,6,22835,137010,72840.68531893095,64169.31468106905
724,2023-12-25,Camera,West,1769,4,45595,182380,123229.8445354061,59150.15546459387
725,2023-12-26,Camera,East,1373,7,14894,104258,69154.69278849372,35103.30721150628
726,2023-12-27,Tablet,West,1780,8,27697,221576,126325.4049209001,95250.59507909989
727,2023-12-28,Laptop,North,1692,2,22510,45020,31123.77755976656,13896.22244023344
728,2023-12-29,Tablet,North,1159,7,24623,172361,128584.7964165441,43776.20358345586
729,2023-12-30,Headphones,Central,1350,2,22887,45774,23457.9705924054,22316.0294075946
730,2023-12-31,Mobile,Central,1911,2,3390,6780,4403.196305176718,2376.803694823282
731,2024-01-01,Camera,East,1287,8,28269,226152,159842.6784953543,66309.32150464569
732,2024-01-02,Headphones,South,1287,2,44126,88252,50806.10965632621,37445.89034367379
733,2024-01-03,Headphones,West,1891,9,8526,76734,45451.94779402935,31282.05220597065
734,2024-01-04,Smartwatch,East,1225,1,3806,3806,2603.651757633279,1202.348242366721
735,2024-01-05,Mobile,Central,1522,9,34165,307485,236572.9901113642,70912.00988863577
736,2024-01-06,Headphones,West,1521,1,9777,9777,7264.089317190434,2512.910682809566
737,2024-01-07,Headphones,Central,1782,2,42739,85478,57692.44146045826,27785.55853954174
738,2024-01-08,Mobile,West,1272,6,48164,288984,207798.7178653083,81185.28213469172
739,2024-01-09,Mobile,South,1935,6,48508,291048,177378.2550927118,113669.7449072882
740,2024-01-10,Headphones,East,1401,1,15183,15183,10511.03388393703,4671.966116062969
741,2024-01-11,Mobile,West,1182,7,1170,8190,5240.408169400407,2949.591830599593
742,2024-01-12,Headphones,North,1968,8,24175,193400,107720.0946372677,85679.90536273232
743,2024-01-13,Headphones,North,1664,2,18389,36778,26131.55907099733,10646.44092900267
744,2024-01-14,Smartwatch,West,1487,8,45035,360280,240284.9238632101,119995.0761367899
745,2024-01-15,Laptop,West,1826,9,13506,121554,73854.56633183605,47699.43366816395
746,2024-01-16,Headphones,West,1845,6,49036,294216,227547.1713444523,66668.82865554767
747,2024-01-17,Tablet,North,1123,5,27031,135155,68426.30520846165,66728.69479153835
748,2024-01-18,Camera,North,1984,9,22139,199251,118500.934847884,80750.06515211599
749,2024-01-19,Laptop,West,1625,9,17133,154197,79729.78226793592,74467.21773206408
750,2024-01-20,Laptop,Central,1789,1,35160,35160,25665.33013150573,9494.669868494275
751,2024-01-21,Laptop,Central,1413,3,3939,11817,8397.541135578807,3419.458864421193
752,2024-01-22,Smartwatch,South,1979,9,32672,294048,176254.037164493,117793.962835507
753,2024-01-23,Headphones,East,1724,2,36122,72244,50765.77721211434,21478.22278788566
754,2024-01-24,Smartwatch,Central,1171,4,12077,48308,29892.08065692219,18415.91934307781
755,2024-01-25,Headphones,North,1287,4,12263,49052,35654.72829305597,13397.27170694403
756,2024-01-26,Smartwatch,Central,1434,2,20676,41352,26310.42084644648,15041.57915355352
757,2024-01-27,Smartwatch,South,1685,3,44886,134658,83984.02907710693,50673.97092289307
758,2024-01-28,Camera,South,1112,3,24755,74265,57957.81515212161,16307.18484787839
759,2024-01-29,Tablet,East,1887,1,41503,41503,23875.17058482912,17627.82941517088
760,2024-01-30,Smartwatch,Central,1916,6,20496,122976,65931.63962502529,57044.36037497471
761,2024-01-31,Camera,North,1994,8,35886,287088,193888.5939898294,93199.40601017058
762,2024-02-01,Mobile,North,1121,3,21562,64686,51153.46522482432,13532.53477517568
763,2024-02-02,Tablet,West,1543,5,36431,182155,111725.0905929427,70429.90940705728
764,2024-02-03,Smartwatch,North,1221,1,36210,36210,18778.90536329945,17431.09463670055
765,2024-02-04,Laptop,East,1630,7,35193,246351,148251.9575720938,98099.04242790621
766,2024-02-05,Mobile,East,1038,1,36240,36240,23620.48894576224,12619.51105423776
767,2024-02-06,Mobile,North,1496,9,12205,109845,60258.42979905465,49586.57020094535
768,2024-02-07,Camera,North,1779,8,43908,351264,244982.2852570187,106281.7147429813
769,2024-02-08,Mobile,West,1232,7,28547,199829,159728.2787969558,40100.72120304417
770,2024-02-09,Tablet,North,1942,7,11466,80262,51008.25414636679,29253.74585363321
771,2024-02-10,Smartwatch,West,1529,5,17874,89370,54195.62733449374,35174.37266550626
772,2024-02-11,Smartwatch,West,1148,5,11638,58190,36090.09264042929,22099.90735957071
773,2024-02-12,Laptop,North,1396,5,16435,82175,43926.1411628877,38248.8588371123
774,2024-02-13,Camera,South,1660,1,46413,46413,35505.1132988986,10907.8867011014
775,2024-02-14,Laptop,South,1637,8,989,7912,4940.630175945482,2971.369824054518
776,2024-02-15,Mobile,West,1903,1,45016,45016,27738.0634714102,17277.9365285898
777,2024-02-16,Laptop,North,1301,4,22760,91040,63537.46073427711,27502.53926572289
778,2024-02-17,Tablet,South,1359,9,26569,239121,151270.3420939413,87850.65790605865
779,2024-02-18,Smartwatch,North,1237,9,19775,177975,123598.3054833229,54376.69451667707
780,2024-02-19,Mobile,North,1646,5,36784,183920,95350.36050425633,88569.63949574367
781,2024-02-20,Laptop,North,1662,4,39678,158712,118100.2977986527,40611.70220134735
782,2024-02-21,Camera,Central,1235,3,33321,99963,78186.17899250513,21776.82100749487
783,2024-02-22,Tablet,North,1735,3,17499,52497,36465.97094316279,16031.02905683721
784,2024-02-23,Tablet,Central,1202,5,39212,196060,154175.6588036176,41884.34119638245
785,2024-02-24,Laptop,West,1255,1,40672,40672,22183.71652701654,18488.28347298346
786,2024-02-25,Smartwatch,South,1597,5,34222,171110,110062.205254595,61047.794745405
787,2024-02-26,Laptop,South,1661,6,11125,66750,45426.17984725758,21323.82015274242
788,2024-02-27,Mobile,South,1234,7,2129,14903,10052.38637695538,4850.613623044615
789,2024-02-28,Laptop,South,1344,9,11473,103257,64064.6216770192,39192.3783229808
790,2024-02-29,Tablet,South,1533,3,7359,22077,13277.66685167369,8799.333148326312
791,2024-03-01,Laptop,South,1859,2,42109,84218,45313.25965934535,38904.74034065465
792,2024-03-02,Smartwatch,South,1796,3,43807,131421,81155.45537860355,50265.54462139645
793,2024-03-03,Camera,West,1780,9,45950,413550,226955.514026062,186594.485973938
794,2024-03-04,Headphones,North,1465,7,36546,255822,184271.0688274777,71550.93117252231
795,2024-03-05,Laptop,East,1769,9,22339,201051,113121.2005236369,87929.79947636314
796,2024-03-06,Smartwatch,Central,1540,2,27716,55432,28689.91760075969,26742.08239924031
797,2024-03-07,Smartwatch,East,1212,5,19445,97225,64723.63932478418,32501.36067521582
798,2024-03-08,Camera,East,1462,4,7039,28156,19105.78650633424,9050.21349366576
799,2024-03-09,Tablet,North,1435,2,34125,68250,51977.41992971835,16272.58007028165
800,2024-03-10,Smartwatch,North,1282,9,5386,48474,32627.58200410041,15846.41799589959
801,2024-03-11,Smartwatch,North,1561,9,46213,415917,251065.9080714283,164851.0919285717
802,2024-03-12,Smartwatch,South,1606,6,7985,47910,35496.68977317781,12413.31022682219
803,2024-03-13,Smartwatch,West,1462,6,31955,191730,126941.3016572473,64788.69834275273
804,2024-03-14,Mobile,South,1406,8,46948,375584,196724.9219268764,178859.0780731236
805,2024-03-15,Mobile,West,1087,6,17267,103602,69387.9749248719,34214.0250751281
806,2024-03-16,Tablet,West,1043,1,47665,47665,36816.71119025707,10848.28880974293
807,2024-03-17,Laptop,East,1460,4,28953,115812,71675.32733525998,44136.67266474002
808,2024-03-18,Smartwatch,East,1277,7,11244,78708,46350.96336477884,32357.03663522116
809,2024-03-19,Camera,West,1682,2,37602,75204,40838.84311367496,34365.15688632504
810,2024-03-20,Laptop,West,1420,9,12726,114534,62470.69842280326,52063.30157719674
811,2024-03-21,Camera,South,1700,8,28369,226952,142941.5061743033,84010.49382569667
812,2024-03-22,Laptop,South,1352,8,23088,184704,125359.3338725793,59344.66612742066
813,2024-03-23,Tablet,East,1695,7,13940,97580,51149.93537093492,46430.06462906508
814,2024-03-24,Smartwatch,North,1514,4,32209,128836,100733.0776206939,28102.92237930611
815,2024-03-25,Smartwatch,West,1702,2,48288,96576,70166.33527151617,26409.66472848383
816,2024-03-26,Headphones,South,1629,3,22995,68985,46632.97530083954,22352.02469916046
817,2024-03-27,Camera,East,1018,6,37519,225114,168504.942890928,56609.05710907199
818,2024-03-28,Laptop,South,1022,5,45448,227240,119086.4915853954,108153.5084146046
819,2024-03-29,Laptop,West,1412,8,49408,395264,254175.1726504917,141088.8273495083
820,2024-03-30,Mobile,West,1029,6,1422,8532,5878.786367515114,2653.213632484886
821,2024-03-31,Headphones,Central,1806,6,28026,168156,125880.8874243681,42275.11257563188
822,2024-04-01,Mobile,North,1107,1,8457,8457,6216.240620800998,2240.759379199002
823,2024-04-02,Mobile,Central,1366,4,49064,196256,114440.9508015259,81815.04919847411
824,2024-04-03,Mobile,East,1280,5,34498,172490,134932.7261341802,37557.27386581982
825,2024-04-04,Camera,South,1127,3,43895,131685,70754.84463864725,60930.15536135275
826,2024-04-05,Camera,East,1228,9,24531,220779,168352.8375556678,52426.16244433218
827,2024-04-06,Tablet,West,1110,1,10506,10506,8313.209478703837,2192.790521296163
828,2024-04-07,Tablet,Central,1135,6,38201,229206,126784.3951331295,102421.6048668705
829,2024-04-08,Mobile,Central,1361,6,47563,285378,204507.5307811043,80870.46921889565
830,2024-04-09,Headphones,Central,1185,5,26439,132195,67695.16324645726,64499.83675354274
831,2024-04-10,Laptop,East,1655,5,49645,248225,154303.32423105,93921.67576895
832,2024-04-11,Camera,West,1583,5,20824,104120,68186.62513373855,35933.37486626145
833,2024-04-12,Headphones,South,1128,6,23367,140202,94523.28658889477,45678.71341110523
834,2024-04-13,Smartwatch,South,1875,8,703,5624,4391.11332524497,1232.88667475503
835,2024-04-14,Camera,East,1260,2,17044,34088,23918.70442854535,10169.29557145465
836,2024-04-15,Camera,Central,1514,6,16399,98394,63403.45881967968,34990.54118032032
837,2024-04-16,Tablet,North,1448,1,29563,29563,21962.42692913855,7600.57307086145
838,2024-04-17,Laptop,East,1899,4,25844,103376,81166.6842696949,22209.3157303051
839,2024-04-18,Laptop,East,1103,3,4248,12744,6456.363299642134,6287.636700357866
840,2024-04-19,Smartwatch,West,1482,9,39986,359874,286012.1580995609,73861.84190043906
841,2024-04-20,Smartwatch,South,1223,3,1593,4779,2512.987647775599,2266.012352224401
842,2024-04-21,Camera,East,1831,6,15728,94368,70239.61547581035,24128.38452418965
843,2024-04-22,Mobile,East,1873,1,21384,21384,12490.40350456782,8893.596495432179
844,2024-04-23,Tablet,Central,1865,6,25683,154098,83159.58627016684,70938.41372983316
845,2024-04-24,Tablet,Central,1490,4,16534,66136,41795.08777643426,24340.91222356574
846,2024-04-25,Camera,North,1472,8,6210,49680,34437.52886008723,15242.47113991277
847,2024-04-26,Headphones,West,1009,9,43000,387000,237728.5092072255,149271.4907927745
848,2024-04-27,Mobile,North,1404,4,19759,79036,40811.78948270941,38224.21051729059
849,2024-04-28,Camera,Central,1895,6,36459,218754,148717.3566434709,70036.64335652912
850,2024-04-29,Mobile,South,1301,1,33957,33957,26171.37241406706,7785.627585932943
851,2024-04-30,Mobile,Central,1230,4,20643,82572,50778.85775909894,31793.14224090106
852,2024-05-01,Mobile,West,1730,7,2603,18221,10293.03986236339,7927.96013763661
853,2024-05-02,Camera,Central,1922,1,865,865,547.3488212695655,317.6511787304345
854,2024-05-03,Tablet,West,1065,8,47278,378224,194599.5814071142,183624.4185928858
855,2024-05-04,Tablet,West,1936,6,45035,270210,201616.1850607245,68593.81493927547
856,2024-05-05,Mobile,West,1111,5,16603,83015,62087.10472630893,20927.89527369107
857,2024-05-06,Headphones,West,1012,9,33010,297090,200951.7173040925,96138.28269590752
858,2024-05-07,Laptop,West,1392,2,24976,49952,30267.45865247513,19684.54134752487
859,2024-05-08,Camera,South,1499,5,13242,66210,48991.0969679866,17218.9030320134
860,2024-05-09,Laptop,North,1931,6,12891,77346,51543.84678578431,25802.15321421569
861,2024-05-10,Headphones,East,1597,7,37440,262080,195978.1018274365,66101.89817256352
862,2024-05-11,Camera,North,1233,5,29401,147005,101350.7799411001,45654.22005889991
863,2024-05-12,Mobile,West,1601,9,32501,292509,215088.1981692007,77420.80183079935
864,2024-05-13,Tablet,South,1313,1,16123,16123,10956.68934189498,5166.310658105016
865,2024-05-14,Laptop,Central,1565,7,2878,20146,12575.98578808184,7570.014211918156
866,2024-05-15,Smartwatch,South,1011,7,21872,153104,120551.6028814394,32552.39711856058
867,2024-05-16,Smartwatch,West,1208,4,45299,181196,120012.2981838242,61183.70181617585
868,2024-05-17,Headphones,South,1973,9,38937,350433,238829.5005752149,111603.4994247851
869,2024-05-18,Mobile,South,1013,5,36003,180015,101914.8247227738,78100.17527722617
870,2024-05-19,Laptop,West,1632,4,31246,124984,85950.90147973363,39033.09852026637
871,2024-05-20,Mobile,South,1417,7,28423,198961,133598.7888646328,65362.21113536719
872,2024-05-21,Laptop,East,1436,4,10367,41468,23033.46360582017,18434.53639417983
873,2024-05-22,Headphones,East,1376,3,41758,125274,64876.41421014533,60397.58578985467
874,2024-05-23,Headphones,South,1019,9,34224,308016,209853.7020663795,98162.29793362052
875,2024-05-24,Smartwatch,Central,1586,8,9806,78448,57197.03934379819,21250.96065620181
876,2024-05-25,Mobile,West,1911,1,39891,39891,26209.20122623495,13681.79877376505
877,2024-05-26,Camera,East,1754,7,15408,107856,61265.63648294271,46590.36351705729
878,2024-05-27,Smartwatch,Central,1734,9,27581,248229,173749.5251257606,74479.47487423939
879,2024-05-28,Mobile,South,1069,8,37728,301824,158165.349248465,143658.650751535
880,2024-05-29,Smartwatch,Central,1823,8,23886,191088,120872.7356949588,70215.26430504123
881,2024-05-30,Camera,North,1210,6,47254,283524,155657.5190424461,127866.4809575539
882,2024-05-31,Tablet,East,1100,4,45906,183624,101973.332637546,81650.66736245398
883,2024-06-01,Tablet,South,1697,8,28802,230416,129191.528776771,101224.471223229
884,2024-06-02,Tablet,West,1131,3,19712,59136,36428.4925576058,22707.5074423942
885,2024-06-03,Tablet,South,1622,9,36118,325062,167519.0964418133,157542.9035581867
886,2024-06-04,Laptop,West,1380,2,46567,93134,57681.42829824719,35452.57170175281
887,2024-06-05,Tablet,South,1131,2,11198,22396,14636.05999567425,7759.940004325746
888,2024-06-06,Camera,Central,1019,7,5094,35658,22998.99228399877,12659.00771600123
889,2024-06-07,Headphones,Central,1905,4,26025,104100,64004.34745558695,40095.65254441305
890,2024-06-08,Headphones,Central,1535,8,14782,118256,88898.23638520447,29357.76361479553
891,2024-06-09,Laptop,North,1226,9,49553,445977,242432.2086916857,203544.7913083143
892,2024-06-10,Tablet,West,1153,7,14834,103838,67672.1615442311,36165.8384557689
893,2024-06-11,Tablet,Central,1804,5,29679,148395,76959.49082078035,71435.50917921965
894,2024-06-12,Tablet,North,1741,8,7144,57152,29796.00680776909,27355.99319223091
895,2024-06-13,Smartwatch,West,1468,4,36118,144472,97108.26411036485,47363.73588963515
896,2024-06-14,Mobile,South,1821,2,48201,96402,64570.59245881072,31831.40754118928
897,2024-06-15,Smartwatch,North,1999,6,33433,200598,153138.5299828717,47459.47001712827
898,2024-06-16,Mobile,East,1870,9,43969,395721,264089.1986417639,131631.8013582361
899,2024-06-17,Tablet,North,1404,1,34187,34187,26937.21268437419,7249.78731562581
900,2024-06-18,Tablet,North,1201,7,41573,291011,149756.7209583136,141254.2790416864
901,2024-06-19,Smartwatch,West,1037,9,17875,160875,85167.59588673052,75707.40411326948
902,2024-06-20,Smartwatch,South,1941,9,48983,440847,226251.3908627154,214595.6091372846
903,2024-06-21,Mobile,East,1771,3,31426,94278,52379.25926872365,41898.74073127635
904,2024-06-22,Headphones,Central,1187,5,37107,185535,122894.8650100693,62640.13498993072
905,2024-06-23,Mobile,Central,1056,8,18142,145136,100676.7292370954,44459.27076290463
906,2024-06-24,Smartwatch,North,1940,8,24493,195944,100651.6414567282,95292.35854327181
907,2024-06-25,Camera,West,1019,4,44886,179544,140725.0192339315,38818.9807660685
908,2024-06-26,Smartwatch,West,1272,1,46787,46787,35214.21744320242,11572.78255679758
909,2024-06-27,Camera,Central,1118,1,21688,21688,12773.87945390691,8914.120546093089
910,2024-06-28,Laptop,East,1582,4,33096,132384,69257.51820045021,63126.48179954979
911,2024-06-29,Smartwatch,South,1515,6,28272,169632,93461.48520128854,76170.51479871146
912,2024-06-30,Laptop,East,1220,8,31357,250856,134981.4303570752,115874.5696429248
913,2024-07-01,Headphones,South,1525,6,11276,67656,36330.26621167486,31325.73378832514
914,2024-07-02,Mobile,Central,1514,9,33335,300015,196680.385507515,103334.614492485
915,2024-07-03,Camera,South,1727,9,10288,92592,53125.05191860467,39466.94808139533
916,2024-07-04,Mobile,West,1740,2,6160,12320,7483.684392291718,4836.315607708282
917,2024-07-05,Laptop,North,1335,1,4978,4978,3966.727264876147,1011.272735123853
918,2024-07-06,Camera,North,1697,2,8710,17420,12286.22626488385,5133.773735116149
919,2024-07-07,Mobile,Central,1054,5,11422,57110,44813.88576851627,12296.11423148373
920,2024-07-08,Smartwatch,West,1499,4,36789,147156,79871.41572373595,67284.58427626405
921,2024-07-09,Tablet,East,1899,4,33840,135360,83197.91979400098,52162.08020599902
922,2024-07-10,Laptop,West,1887,9,40350,363150,242010.2563085961,121139.7436914039
923,2024-07-11,Mobile,North,1765,8,38663,309304,161774.4726723303,147529.5273276697
924,2024-07-12,Laptop,North,1535,6,48675,292050,146391.8828734635,145658.1171265365
925,2024-07-13,Laptop,West,1161,1,19142,19142,13421.03620526218,5720.963794737821
926,2024-07-14,Camera,West,1669,2,11594,23188,16058.75328667751,7129.246713322495
927,2024-07-15,Camera,North,1593,6,22923,137538,85718.72140491799,51819.27859508201
928,2024-07-16,Tablet,East,1914,2,33918,67836,43882.64866251269,23953.35133748731
929,2024-07-17,Smartwatch,Central,1158,5,6241,31205,19491.66965004285,11713.33034995715
930,2024-07-18,Laptop,Central,1187,5,46549,232745,118048.6162487271,114696.3837512729
931,2024-07-19,Mobile,West,1059,6,7338,44028,26443.72232356273,17584.27767643727
932,2024-07-20,Headphones,Central,1914,6,3762,22572,12485.13020064829,10086.86979935171
933,2024-07-21,Laptop,North,1816,6,5496,32976,17461.69081794202,15514.30918205798
934,2024-07-22,Laptop,North,1318,2,45094,90188,70979.41074748381,19208.58925251619
935,2024-07-23,Tablet,West,1877,3,22664,67992,46221.49992752008,21770.50007247992
936,2024-07-24,Smartwatch,West,1210,6,36095,216570,155626.5274431363,60943.47255686368
937,2024-07-25,Headphones,West,1405,8,30757,246056,146307.1423639263,99748.85763607366
938,2024-07-26,Camera,East,1663,1,14711,14711,9090.576226595937,5620.423773404063
939,2024-07-27,Camera,Central,1108,1,30953,30953,17676.55251492558,13276.44748507442
940,2024-07-28,Mobile,West,1075,2,5732,11464,6065.484335584289,5398.515664415711
941,2024-07-29,Headphones,South,1541,6,2717,16302,9026.57212607181,7275.427873928191
942,2024-07-30,Camera,South,1313,9,24729,222561,164529.1570305694,58031.84296943064
943,2024-07-31,Mobile,North,1997,4,14732,58928,41441.92576236086,17486.07423763914
944,2024-08-01,Smartwatch,Central,1116,3,26113,78339,52023.25836474788,26315.74163525212
945,2024-08-02,Mobile,West,1926,8,14526,116208,74666.77318383042,41541.22681616958
946,2024-08-03,Camera,South,1867,9,29054,261486,203104.0953288316,58381.90467116839
947,2024-08-04,Tablet,Central,1703,5,31408,157040,81946.68885974862,75093.31114025138
948,2024-08-05,Tablet,North,1018,9,20110,180990,105730.7823563791,75259.21764362087
949,2024-08-06,Tablet,East,1431,2,47146,94292,57044.90202666694,37247.09797333306
950,2024-08-07,Camera,Central,1684,3,40105,120315,88398.76847891448,31916.23152108552
951,2024-08-08,Tablet,Central,1739,7,7531,52717,42055.2179693236,10661.7820306764
952,2024-08-09,Headphones,East,1349,7,48074,336518,192555.9880855143,143962.0119144857
953,2024-08-10,Smartwatch,Central,1182,6,26015,156090,118986.1895356371,37103.81046436292
954,2024-08-11,Mobile,North,1112,6,36984,221904,166247.5539092569,55656.44609074312
955,2024-08-12,Mobile,North,1182,2,36682,73364,41626.52959617717,31737.47040382283
956,2024-08-13,Camera,East,1480,6,1070,6420,3979.114549463703,2440.885450536297
957,2024-08-14,Tablet,West,1145,4,32754,131016,81610.11019296861,49405.88980703139
958,2024-08-15,Tablet,South,1830,3,19788,59364,47103.32752992319,12260.67247007681
959,2024-08-16,Laptop,West,1627,2,13788,27576,15284.48252172735,12291.51747827265
960,2024-08-17,Smartwatch,Central,1112,1,30377,30377,22471.30650647499,7905.69349352501
961,2024-08-18,Headphones,South,1762,5,19389,96945,58191.99380265365,38753.00619734635
962,2024-08-19,Mobile,East,1475,2,1417,2834,2038.385967978892,795.6140320211084
963,2024-08-20,Laptop,East,1762,2,10566,21132,13228.70176283278,7903.298237167215
964,2024-08-21,Laptop,South,1302,7,30004,210028,141455.5232983522,68572.4767016478
965,2024-08-22,Camera,North,1970,8,7482,59856,44879.04309126268,14976.95690873732
966,2024-08-23,Mobile,South,1824,8,39604,316832,234851.6152854922,81980.38471450782
967,2024-08-24,Camera,Central,1117,4,18562,74248,56423.0565594367,17824.9434405633
968,2024-08-25,Headphones,North,1812,1,17499,17499,9062.473072861856,8436.526927138144
969,2024-08-26,Laptop,East,1160,7,10441,73087,51717.46963100474,21369.53036899526
970,2024-08-27,Laptop,South,1400,1,23970,23970,12991.6492260062,10978.3507739938
971,2024-08-28,Smartwatch,West,1197,4,45648,182592,114073.5431914853,68518.45680851467
972,2024-08-29,Headphones,West,1259,8,21633,173064,115014.2716389074,58049.72836109261
973,2024-08-30,Laptop,Central,1659,2,44935,89870,55793.25924825931,34076.74075174069
974,2024-08-31,Headphones,West,1751,6,5029,30174,19790.62881170398,10383.37118829602
975,2024-09-01,Mobile,South,1046,6,18019,108114,86378.53360483616,21735.46639516384
976,2024-09-02,Tablet,South,1986,9,12692,114228,61747.68099323759,52480.31900676241
977,2024-09-03,Laptop,West,1398,5,9066,45330,31850.52676053005,13479.47323946995
978,2024-09-04,Smartwatch,South,1709,4,7726,30904,19123.40415955432,11780.59584044568
979,2024-09-05,Mobile,Central,1558,5,38430,192150,103742.349858013,88407.65014198703
980,2024-09-06,Headphones,North,1077,5,49858,249290,136516.4463224745,112773.5536775255
981,2024-09-07,Camera,Central,1123,8,21759,174072,136608.5604451161,37463.43955488389
982,2024-09-08,Mobile,Central,1074,8,34587,276696,211362.6647202473,65333.33527975267
983,2024-09-09,Laptop,South,1870,2,1641,3282,2534.07351422463,747.9264857753697
984,2024-09-10,Headphones,North,1136,7,5127,35889,28620.03593750073,7268.964062499272
985,2024-09-11,Tablet,South,1601,8,47769,382152,214958.4428767606,167193.5571232394
986,2024-09-12,Mobile,East,1399,6,3190,19140,11610.93267514444,7529.067324855558
987,2024-09-13,Laptop,South,1836,5,40591,202955,142223.9044655204,60731.09553447959
988,2024-09-14,Smartwatch,South,1504,9,3755,33795,21802.53205037717,11992.46794962283
989,2024-09-15,Camera,South,1499,3,5713,17139,10720.73346377138,6418.266536228622
990,2024-09-16,Headphones,North,1572,4,37376,149504,90800.26390620055,58703.73609379945
991,2024-09-17,Mobile,South,1137,9,19904,179136,121478.2461851467,57657.75381485331
992,2024-09-18,Mobile,North,1049,6,25880,155280,104453.4442797696,50826.55572023042
993,2024-09-19,Tablet,West,1770,8,26020,208160,114162.7188216437,93997.28117835634
994,2024-09-20,Tablet,East,1972,7,19673,137711,88344.62942935052,49366.37057064948
995,2024-09-21,Smartwatch,North,1618,2,24489,48978,32621.38219656181,16356.61780343819
996,2024-09-22,Camera,West,1624,3,43070,129210,86711.0326060449,42498.9673939551
997,2024-09-23,Smartwatch,North,1861,1,25019,25019,14086.50155784224,10932.49844215776
998,2024-09-24,Laptop,North,1253,9,22939,206451,149198.3013605631,57252.69863943695
999,2024-09-25,Laptop,East,1629,7,11913,83391,42325.91331486715,41065.08668513285
1000,2024-09-26,Smartwatch,Central,1709,1,15495,15495,9396.935880492392,6098.064119507608
